,open,high,low,close,volume
2017-11-29 07:00:00,0.00284,0.0049,0.0021201,0.00238,152924.0
2017-11-30 07:00:00,0.0025156,0.0029,0.0023296,0.0025889,69519.0
2017-12-01 07:00:00,0.0025889,0.0028639,0.0024196,0.0025841,43435.0
2017-12-02 07:00:00,0.0025781,0.0027,0.0024898,0.0026266,20487.0
2017-12-03 07:00:00,0.0025353,0.0029194,0.0024628,0.0027271,51848.0
2017-12-04 07:00:00,0.0027271,0.003335,0.0027271,0.00332,79177.0
2017-12-05 07:00:00,0.0031731,0.0033799,0.0030505,0.0031452,43046.0
2017-12-06 07:00:00,0.0031052,0.00361,0.0028332,0.0034843,125887.0
2017-12-07 07:00:00,0.0034843,0.0036047,0.0024404,0.002533,85150.0
2017-12-08 07:00:00,0.0026023,0.0029065,0.0023528,0.0025591,59297.0
2017-12-09 07:00:00,0.0025591,0.0029775,0.0023914,0.0025683,85447.0
2017-12-10 07:00:00,0.0025528,0.0026497,0.00222,0.0025208,58540.0
2017-12-11 07:00:00,0.0025,0.002523,0.0021307,0.0021307,46281.0
2017-12-12 07:00:00,0.0021613,0.0023267,0.0017388,0.0018207,92284.0
2017-12-13 07:00:00,0.0018207,0.0019875,0.0016404,0.001791,74901.0
2017-12-14 07:00:00,0.001791,0.0019,0.0015921,0.0019,78156.0
2017-12-15 07:00:00,0.00189,0.0021089,0.0017252,0.0018955,134184.0
2017-12-16 07:00:00,0.0018954,0.002105,0.0018485,0.0019706,118001.0
2017-12-17 07:00:00,0.0019606,0.0026495,0.0018445,0.0022785,248342.0
2017-12-18 07:00:00,0.0022786,0.0025018,0.0021289,0.0022166,186630.0
2017-12-19 07:00:00,0.0022158,0.0024371,0.0019293,0.0022784,201283.0
2017-12-20 07:00:00,0.0022385,0.0022795,0.0019832,0.00213,84691.0
2017-12-21 07:00:00,0.0020533,0.00283,0.0020533,0.0025463,350756.0
2017-12-22 07:00:00,0.0025429,0.0029257,0.0019753,0.0025666,377185.0
2017-12-23 07:00:00,0.0025014,0.002874,0.002394,0.0027536,112732.0
2017-12-24 07:00:00,0.0027562,0.00344,0.002559,0.003,214328.0
2017-12-25 07:00:00,0.0030179,0.0038495,0.002818,0.0034389,350941.0
2017-12-26 07:00:00,0.0034559,0.0045997,0.0026184,0.0040315,567487.0
2017-12-27 07:00:00,0.0040692,0.0053,0.0036,0.004113,851426.0
2017-12-28 07:00:00,0.004117,0.0043717,0.00355,0.0038487,780929.0
2017-12-29 07:00:00,0.0038481,0.0044028,0.003617,0.0036674,831445.0
2017-12-30 07:00:00,0.0036654,0.0036825,0.0031789,0.0033507,692690.0
2017-12-31 07:00:00,0.0033507,0.003944,0.0033332,0.003745,656615.0
2018-01-01 07:00:00,0.003745,0.004125,0.0036024,0.0041134,541492.0
2018-01-02 07:00:00,0.0041134,0.0065133,0.00302,0.0033976,684219.0
2018-01-03 07:00:00,0.0033995,0.0036,0.0029038,0.0030072,652384.0
2018-01-04 07:00:00,0.0030129,0.0033326,0.0028355,0.0032105,604286.0
2018-01-05 07:00:00,0.0032104,0.003233,0.0025,0.0025539,672459.0
2018-01-06 07:00:00,0.0025565,0.0030713,0.002436,0.0028652,778945.0
2018-01-07 07:00:00,0.0028652,0.0035957,0.0026512,0.0027971,958418.0
2018-01-08 07:00:00,0.0027947,0.0030989,0.0023619,0.0028283,670680.0
2018-01-09 07:00:00,0.0028283,0.0028867,0.0024313,0.0024864,664193.0
2018-01-10 07:00:00,0.0024862,0.0025307,0.0020422,0.0023762,314286.0
2018-01-11 07:00:00,0.0023832,0.002479,0.0020001,0.0023191,313437.0
2018-01-12 07:00:00,0.0023162,0.0023999,0.0022283,0.0022791,194756.0
2018-01-13 07:00:00,0.0022792,0.0023599,0.00195,0.0020402,189848.0
2018-01-14 07:00:00,0.0020421,0.0021513,0.0018507,0.0020064,189571.0
2018-01-15 07:00:00,0.0020064,0.002165,0.00186,0.0019588,195895.0
2018-01-16 07:00:00,0.0019738,0.0019899,0.0015333,0.0017091,213366.0
2018-01-17 07:00:00,0.0017091,0.001918,0.00159,0.0017517,176431.0
2018-01-18 07:00:00,0.0017517,0.0022,0.0017517,0.0019351,296950.0
2018-01-19 07:00:00,0.001911,0.0022389,0.00186,0.0021604,344721.0
2018-01-20 07:00:00,0.0021635,0.002317,0.0019604,0.0020347,408877.0
2018-01-21 07:00:00,0.0020229,0.00215,0.001791,0.0018154,312899.0
2018-01-22 07:00:00,0.001817,0.00215,0.00176,0.0018077,367691.0
2018-01-23 07:00:00,0.0017875,0.0019738,0.0017653,0.0018682,246079.0
2018-01-24 07:00:00,0.0018563,0.00197,0.0018208,0.0018438,144381.0
2018-01-25 07:00:00,0.0018438,0.0019985,0.0017685,0.0018216,373281.0
2018-01-26 07:00:00,0.0018299,0.00189,0.0017211,0.0018619,626018.0
2018-01-27 07:00:00,0.0018685,0.00195,0.0018173,0.0018448,675436.0
2018-01-28 07:00:00,0.0018444,0.0018831,0.0016014,0.0016051,686597.0
2018-01-29 07:00:00,0.0016051,0.0016625,0.001565,0.0016328,917937.0
2018-01-30 07:00:00,0.0016329,0.0016625,0.001515,0.0015438,523603.0
2018-01-31 07:00:00,0.0015438,0.001648,0.0014724,0.0015092,420727.0
2018-02-01 07:00:00,0.0015092,0.0015237,0.00121,0.0013816,351345.0
2018-02-02 07:00:00,0.0013838,0.0014566,0.0012,0.0014296,244236.0
2018-02-03 07:00:00,0.0014296,0.0015,0.0013336,0.001425,190499.0
2018-02-04 07:00:00,0.001425,0.0015092,0.001392,0.0014264,167503.0
2018-02-05 07:00:00,0.0014181,0.0014262,0.001251,0.0013111,123630.0
2018-02-06 07:00:00,0.001307,0.0014,0.0012511,0.001337,227485.0
2018-02-07 07:00:00,0.0013412,0.0014901,0.0013,0.0014026,251941.0
2018-02-08 07:00:00,0.0014039,0.0014285,0.0013886,0.0013905,7969.0
2018-02-09 07:00:00,0.0013886,0.0014252,0.0013406,0.0013764,94674.0
2018-02-10 07:00:00,0.0013869,0.00175,0.001386,0.0017337,1122517.0
2018-02-11 07:00:00,0.0017207,0.001785,0.0014595,0.0015062,1000329.0
2018-02-12 07:00:00,0.0015087,0.0015554,0.00148,0.0015013,382993.0
2018-02-13 07:00:00,0.0015013,0.0015107,0.0014286,0.0014535,364210.0
2018-02-14 07:00:00,0.0014488,0.001594,0.0014182,0.0014849,536014.0
2018-02-15 07:00:00,0.0014833,0.00154,0.0014249,0.0015142,450350.0
2018-02-16 07:00:00,0.0015172,0.001575,0.0014657,0.0015613,435235.0
2018-02-17 07:00:00,0.0015614,0.0016095,0.0015286,0.0015937,461742.0
2018-02-18 07:00:00,0.0015997,0.0015998,0.0014887,0.0015089,452262.0
2018-02-19 07:00:00,0.001509,0.0020497,0.0014804,0.002025,1263207.0
2018-02-20 07:00:00,0.0020262,0.0020599,0.0017602,0.0017852,1462580.0
2018-02-21 07:00:00,0.0017853,0.0018785,0.0017009,0.0017238,550972.0
2018-02-22 07:00:00,0.0017271,0.0017898,0.001606,0.0016641,449153.0
2018-02-23 07:00:00,0.0016641,0.0019103,0.0015513,0.0017478,640990.0
2018-02-24 07:00:00,0.0017501,0.0018531,0.0017103,0.0017656,544631.0
2018-02-25 07:00:00,0.0017684,0.0019425,0.0017293,0.0018487,578933.0
2018-02-26 07:00:00,0.0018484,0.0019182,0.0016386,0.0016743,797728.0
2018-02-27 07:00:00,0.001675,0.001703,0.0015839,0.0016047,566834.0
2018-02-28 07:00:00,0.0016087,0.0017,0.0014804,0.001485,648707.0
2018-03-01 07:00:00,0.0014826,0.0015609,0.0014581,0.0014929,500239.0
2018-03-02 07:00:00,0.0014929,0.0015075,0.0014175,0.0014961,516532.0
2018-03-03 07:00:00,0.0014934,0.0015093,0.0014424,0.001489,401734.0
2018-03-04 07:00:00,0.0014892,0.0015477,0.0014247,0.0015403,430044.0
2018-03-05 07:00:00,0.0015403,0.0015799,0.001474,0.0015007,364157.0
2018-03-06 07:00:00,0.0014956,0.0015027,0.0013507,0.001365,414524.0
2018-03-07 07:00:00,0.001365,0.0013952,0.001292,0.0013251,247314.0
2018-03-08 07:00:00,0.0013251,0.0015498,0.0013141,0.0014852,380610.0
2018-03-09 07:00:00,0.0014887,0.001542,0.0012906,0.0013416,308108.0
2018-03-10 07:00:00,0.0013442,0.0014049,0.0013,0.0013087,201995.0
2018-03-11 07:00:00,0.001309,0.0013601,0.0012578,0.0013213,147174.0
2018-03-12 07:00:00,0.0013218,0.0013436,0.0012627,0.0012994,89406.0
2018-03-13 07:00:00,0.0012978,0.0013066,0.0012261,0.001244,155578.0
2018-03-14 07:00:00,0.0012472,0.0013499,0.0012456,0.0013152,130640.0
2018-03-15 07:00:00,0.0013117,0.0013117,0.001124,0.0012295,151578.0
2018-03-16 07:00:00,0.0012295,0.0012836,0.0012001,0.0012704,56220.0
2018-03-17 07:00:00,0.0012704,0.001285,0.0012111,0.0012758,55041.0
2018-03-18 07:00:00,0.0012758,0.0013122,0.0011957,0.0012756,79357.0
2018-03-19 07:00:00,0.0012909,0.001624,0.0012645,0.0014266,260596.0
2018-03-20 07:00:00,0.001422,0.00165,0.0013901,0.0014805,280434.0
2018-03-21 07:00:00,0.0014839,0.001485,0.0014068,0.0014359,387442.0
2018-03-22 07:00:00,0.0014359,0.0014881,0.001405,0.0014633,390284.0
2018-03-23 07:00:00,0.0014634,0.0015123,0.001432,0.0014861,309716.0
2018-03-24 07:00:00,0.0014737,0.001629,0.0002,0.0014857,291982.0
2018-03-25 07:00:00,0.001486,0.00161,0.0014706,0.0015452,113306.0
2018-03-26 07:00:00,0.0015323,0.0015995,0.0014411,0.00148,154540.0
2018-03-27 07:00:00,0.0014687,0.001605,0.001467,0.0015568,86998.0
2018-03-28 07:00:00,0.0015568,0.0016737,0.0015095,0.0016581,99115.0
2018-03-29 07:00:00,0.0016675,0.0017571,0.0015701,0.001602,138728.0
2018-03-30 07:00:00,0.0016179,0.0016195,0.0014901,0.0015054,181716.0
2018-03-31 07:00:00,0.001505,0.0016201,0.0014789,0.0015856,56599.0
2018-04-01 07:00:00,0.0015815,0.0016,0.00147,0.0015141,285060.0
2018-04-02 07:00:00,0.0015002,0.0016529,0.0014741,0.0015188,278052.0
2018-04-03 07:00:00,0.0015188,0.00162,0.0015001,0.0015163,171051.0
2018-04-04 07:00:00,0.0015245,0.001645,0.0015106,0.0015224,170158.0
2018-04-05 07:00:00,0.0015224,0.0015473,0.001453,0.0014779,83816.0
2018-04-06 07:00:00,0.0014789,0.001494,0.0014452,0.0014681,66155.0
2018-04-07 07:00:00,0.0014681,0.00163,0.0014374,0.001509,168828.0
2018-04-08 07:00:00,0.0015113,0.0015633,0.001469,0.0015033,108997.0
2018-04-09 07:00:00,0.0015039,0.00162,0.0014046,0.0014636,229303.0
2018-04-10 07:00:00,0.0014748,0.0015323,0.0014523,0.0014683,86339.0
2018-04-11 07:00:00,0.0014608,0.0015286,0.0014443,0.001484,66641.0
2018-04-12 07:00:00,0.0014838,0.0014839,0.0013514,0.0014265,162575.0
2018-04-13 07:00:00,0.0014097,0.0014942,0.00137,0.0014113,141884.0
2018-04-14 07:00:00,0.0014159,0.00154,0.0013808,0.0014988,275200.0
2018-04-15 07:00:00,0.0014988,0.0015006,0.0014484,0.0014652,90941.0
2018-04-16 07:00:00,0.0014591,0.0016,0.0014336,0.0014806,264118.0
2018-04-17 07:00:00,0.0014845,0.0015157,0.0014626,0.0014768,129608.0
2018-04-18 07:00:00,0.0014789,0.00168,0.0014665,0.0016567,382596.0
2018-04-19 07:00:00,0.0016547,0.0016664,0.0015501,0.0015605,317035.0
2018-04-20 07:00:00,0.0015607,0.0015754,0.00142,0.0014657,207511.0
2018-04-21 07:00:00,0.0014588,0.00357,0.0013643,0.0025,2986856.0
2018-04-22 07:00:00,0.0024742,0.0028,0.0015167,0.001701,6688478.0
2018-04-23 07:00:00,0.0017011,0.0017846,0.001575,0.0015993,675790.0
2018-04-24 07:00:00,0.0015993,0.0016031,0.0014819,0.0015621,412521.0
2018-04-25 07:00:00,0.0015648,0.0016199,0.00145,0.0014666,560076.0
2018-04-26 07:00:00,0.0014692,0.0015486,0.00145,0.0014886,412041.0
2018-04-27 07:00:00,0.001493,0.0015711,0.0014,0.0014656,282354.0
2018-04-28 07:00:00,0.0014664,0.0016299,0.0014401,0.0015651,247176.0
2018-04-29 07:00:00,0.0015771,0.0016319,0.0015152,0.0015563,333747.0
2018-04-30 07:00:00,0.0015569,0.00164,0.001495,0.0015857,300979.0
2018-05-01 07:00:00,0.0015834,0.0016111,0.0015,0.0015761,204632.0
2018-05-02 07:00:00,0.0015683,0.0016244,0.0015325,0.0015468,155376.0
2018-05-03 07:00:00,0.0015539,0.0015614,0.0014352,0.0014476,294896.0
2018-05-04 07:00:00,0.0014477,0.0014854,0.0013128,0.001387,187186.0
2018-05-05 07:00:00,0.0013799,0.0013911,0.0012297,0.0012726,186542.0
2018-05-06 07:00:00,0.0012726,0.0013221,0.0011906,0.001269,186344.0
2018-05-07 07:00:00,0.0012623,0.0013175,0.0012223,0.0012773,147917.0
2018-05-08 07:00:00,0.0012749,0.0012866,0.0012174,0.001242,118353.0
2018-05-09 07:00:00,0.001242,0.00149,0.0011836,0.0012995,557543.0
2018-05-10 07:00:00,0.0013044,0.0013045,0.0012068,0.0012146,365837.0
2018-05-11 07:00:00,0.0012145,0.0012175,0.0010862,0.0011094,183328.0
2018-05-12 07:00:00,0.0011115,0.0012103,0.0010958,0.0011334,125151.0
2018-05-13 07:00:00,0.0011264,0.0011683,0.0011011,0.0011395,91301.0
2018-05-14 07:00:00,0.0011478,0.0012435,0.00109,0.0011934,192109.0
2018-05-15 07:00:00,0.0011993,0.0012742,0.0011699,0.0011835,215505.0
2018-05-16 07:00:00,0.0011835,0.0012085,0.0011185,0.0011567,88875.0
2018-05-17 07:00:00,0.0011603,0.00124,0.0011446,0.0011648,152794.0
2018-05-18 07:00:00,0.0011654,0.0011985,0.0011395,0.0011533,74919.0
2018-05-19 07:00:00,0.0011533,0.0011707,0.0011115,0.0011359,51465.0
2018-05-20 07:00:00,0.0011276,0.0011487,0.00109,0.0011275,55691.0
2018-05-21 07:00:00,0.0011266,0.0011422,0.001088,0.0010967,45350.0
2018-05-22 07:00:00,0.0011005,0.00117,0.0010769,0.0011062,238095.0
2018-05-23 07:00:00,0.0011058,0.00111,0.0010615,0.0010927,700988.0
2018-05-24 07:00:00,0.0010926,0.0011266,0.0010605,0.0010801,622260.0
2018-05-25 07:00:00,0.0010824,0.0011249,0.0010503,0.001105,344084.0
2018-05-26 07:00:00,0.0011055,0.0011149,0.0010576,0.0010648,147575.0
2018-05-27 07:00:00,0.0010647,0.0010892,0.0010239,0.0010797,211504.0
2018-05-28 07:00:00,0.0010769,0.0011974,0.0010643,0.0011273,325922.0
2018-05-29 07:00:00,0.0011278,0.0011315,0.0010745,0.001101,97355.0
2018-05-30 07:00:00,0.001101,0.0011068,0.0010512,0.0010771,197941.0
2018-05-31 07:00:00,0.0010769,0.0010936,0.0010562,0.001075,144379.0
2018-06-01 07:00:00,0.0010752,0.0011,0.0010508,0.0010817,141439.0
2018-06-02 07:00:00,0.0010814,0.0010928,0.0010593,0.0010847,170680.0
2018-06-03 07:00:00,0.001085,0.0010937,0.0010379,0.0010492,205233.0
2018-06-04 07:00:00,0.0010492,0.0010619,0.0010358,0.0010458,81305.0
2018-06-05 07:00:00,0.0010457,0.0010484,0.0010138,0.0010212,172416.0
2018-06-06 07:00:00,0.0010206,0.001039,0.0009835,0.0010003,103387.0
2018-06-07 07:00:00,0.0010003,0.0010163,0.0009714,0.0009795,41699.0
2018-06-08 07:00:00,0.0009738,0.0009826,0.0009371,0.0009371,40959.0
2018-06-09 07:00:00,0.0009437,0.0009449,0.0009264,0.000937,17889.0
2018-06-10 07:00:00,0.0009357,0.0009357,0.0003,0.0008728,252869.0
2018-06-11 07:00:00,0.000877,0.0008881,0.0008449,0.0008681,43738.0
2018-06-12 07:00:00,0.0008684,0.0009087,0.0008464,0.000848,103357.0
2018-06-13 07:00:00,0.000855,0.0008577,0.0007884,0.0008181,65864.0
2018-06-14 07:00:00,0.0008225,0.0008493,0.000789,0.0008031,62664.0
2018-06-15 07:00:00,0.0007971,0.0008497,0.0007877,0.0007966,25080.0
2018-06-16 07:00:00,0.0007978,0.00085,0.0007899,0.0008246,51940.0
2018-06-17 07:00:00,0.0008351,0.0008802,0.0008165,0.0008511,37228.0
2018-06-18 07:00:00,0.0008402,0.0008769,0.000817,0.0008371,51085.0
2018-06-19 07:00:00,0.0008366,0.0008399,0.0008021,0.0008257,80501.0
2018-06-20 07:00:00,0.0008254,0.000838,0.0008009,0.0008132,81668.0
2018-06-21 07:00:00,0.0008156,0.0008222,0.0007738,0.0007854,32292.0
2018-06-22 07:00:00,0.0007839,0.0008,0.0007652,0.0007721,109675.0
2018-06-23 07:00:00,0.0007667,0.0008,0.0007181,0.0007997,106438.0
2018-06-24 07:00:00,0.0007885,0.0008,0.00069,0.0007313,290203.0
2018-06-25 07:00:00,0.0007327,0.0007937,0.00073,0.0007885,94177.0
2018-06-26 07:00:00,0.0007873,0.0008057,0.000768,0.0008002,116823.0
2018-06-27 07:00:00,0.0008057,0.0009138,0.0007963,0.0008496,113069.0
2018-06-28 07:00:00,0.0008549,0.0009575,0.000815,0.0008249,366239.0
2018-06-29 07:00:00,0.0008249,0.000862,0.0008067,0.0008507,200704.0
2018-06-30 07:00:00,0.0008426,0.0009282,0.0008308,0.0008722,350529.0
2018-07-01 07:00:00,0.0008726,0.0009254,0.0008316,0.0008777,251747.0
2018-07-02 07:00:00,0.0008752,0.0009194,0.0008603,0.0008888,95944.0
2018-07-03 07:00:00,0.0008902,0.0009496,0.00088,0.0008975,133123.0
2018-07-04 07:00:00,0.0009051,0.000968,0.0008547,0.0009443,72427.0
2018-07-05 07:00:00,0.0009444,0.0009546,0.00086,0.0008792,86373.0
2018-07-06 07:00:00,0.000884,0.000891,0.0008434,0.0008708,97747.0
2018-07-07 07:00:00,0.0008685,0.0008729,0.0007958,0.0008355,149307.0
2018-07-08 07:00:00,0.0008353,0.0008604,0.0008062,0.0008187,201966.0
2018-07-09 07:00:00,0.0008187,0.0008242,0.000796,0.0008004,105941.0
2018-07-10 07:00:00,0.0008077,0.0008887,0.0008048,0.000852,221888.0
2018-07-11 07:00:00,0.0008524,0.0008887,0.0008217,0.0008459,212484.0
2018-07-12 07:00:00,0.0008546,0.000857,0.0008001,0.0008317,120993.0
2018-07-13 07:00:00,0.0008298,0.0008401,0.000809,0.0008101,107676.0
2018-07-14 07:00:00,0.0008081,0.0008267,0.0008019,0.0008163,76014.0
2018-07-15 07:00:00,0.0008142,0.0008354,0.000806,0.0008184,25834.0
2018-07-16 07:00:00,0.0008182,0.0008315,0.0007968,0.0008195,59614.0
2018-07-17 07:00:00,0.0008195,0.0008424,0.00079,0.0008321,162208.0
2018-07-18 07:00:00,0.0008295,0.0009285,0.0008224,0.0008854,155855.0
2018-07-19 07:00:00,0.0008872,0.0009304,0.0008768,0.0009104,67943.0
2018-07-20 07:00:00,0.0009069,0.0009138,0.0008213,0.0008322,95707.0
2018-07-21 07:00:00,0.0008321,0.0008425,0.0008128,0.000834,19510.0
2018-07-22 07:00:00,0.0008305,0.0008501,0.0008155,0.0008305,46015.0
2018-07-23 07:00:00,0.0008305,0.0016139,0.0008234,0.001119,3273012.0
2018-07-24 07:00:00,0.0011211,0.0013756,0.000965,0.0009976,2018218.0
2018-07-25 07:00:00,0.0009976,0.0010438,0.0008894,0.0009061,451101.0
2018-07-26 07:00:00,0.0009132,0.0009163,0.0008725,0.0008725,58258.0
2018-07-27 07:00:00,0.000881,0.000885,0.000828,0.000855,209070.0
2018-07-28 07:00:00,0.000855,0.0008569,0.000828,0.0008376,76583.0
2018-07-29 07:00:00,0.0008376,0.0009279,0.0008376,0.0008867,226211.0
2018-07-30 07:00:00,0.0008824,0.0009693,0.00083,0.0008455,140240.0
2018-07-31 07:00:00,0.0008441,0.00089,0.0007777,0.0007853,137418.0
2018-08-01 07:00:00,0.0007781,0.0007839,0.0007512,0.0007665,51312.0
2018-08-02 07:00:00,0.00076,0.0008144,0.0007365,0.0007641,110377.0
2018-08-03 07:00:00,0.0007568,0.0007763,0.0007045,0.0007177,112600.0
2018-08-04 07:00:00,0.0007165,0.0007453,0.0006967,0.0007131,66962.0
2018-08-05 07:00:00,0.000716,0.000745,0.0007028,0.000745,29251.0
2018-08-06 07:00:00,0.0007448,0.0007824,0.0007226,0.000724,61272.0
2018-08-07 07:00:00,0.0007312,0.000741,0.0007014,0.0007232,67800.0
2018-08-08 07:00:00,0.0007234,0.0007244,0.0006435,0.00065,90111.0
2018-08-09 07:00:00,0.0006565,0.0006889,0.000651,0.0006788,31693.0
2018-08-10 07:00:00,0.0006859,0.0006859,0.0006515,0.0006688,28229.0
2018-08-11 07:00:00,0.0006688,0.0006798,0.000653,0.0006653,35100.0
2018-08-12 07:00:00,0.0006566,0.000667,0.0006308,0.0006351,49656.0
2018-08-13 07:00:00,0.0006349,0.0006563,0.000615,0.000615,96714.0
2018-08-14 07:00:00,0.0006204,0.0006277,0.0005825,0.0005975,90460.0
2018-08-15 07:00:00,0.0005916,0.000649,0.0005727,0.0006256,103846.0
2018-08-16 07:00:00,0.0006256,0.00064,0.0005631,0.0005917,200652.0
2018-08-17 07:00:00,0.0005934,0.0006672,0.0005902,0.0006591,194141.0
2018-08-18 07:00:00,0.0006466,0.0006738,0.0005972,0.0006054,96507.0
2018-08-19 07:00:00,0.0006016,0.000632,0.0006016,0.0006218,44707.0
2018-08-20 07:00:00,0.0006218,0.000661,0.000612,0.0006451,58866.0
2018-08-21 07:00:00,0.0006451,0.0006474,0.0006192,0.0006279,126708.0
2018-08-22 07:00:00,0.0006307,0.0006419,0.0006033,0.0006162,40898.0
2018-08-23 07:00:00,0.0006138,0.00066,0.0006091,0.0006426,58880.0
2018-08-24 07:00:00,0.0006428,0.00068,0.0006428,0.000659,92025.0
2018-08-25 07:00:00,0.0006653,0.0006959,0.0006532,0.0006906,83019.0
2018-08-26 07:00:00,0.0006909,0.0007037,0.0006711,0.0006874,51453.0
2018-08-27 07:00:00,0.0006815,0.0007181,0.0006797,0.000707,98936.0
2018-08-28 07:00:00,0.0007067,0.0007449,0.000703,0.000705,88466.0
2018-08-29 07:00:00,0.0007111,0.0007381,0.0006909,0.000736,99745.0
2018-08-30 07:00:00,0.0007329,0.0007395,0.0006884,0.0007347,76342.0
2018-08-31 07:00:00,0.0007317,0.0007645,0.0007198,0.0007408,44982.0
2018-09-01 07:00:00,0.0007408,0.0008097,0.0007337,0.0007586,107311.0
2018-09-02 07:00:00,0.0007565,0.0007605,0.00073,0.00073,40508.0
2018-09-03 07:00:00,0.0007373,0.00079,0.0007351,0.0007658,66074.0
2018-09-04 07:00:00,0.0007747,0.0007859,0.00075,0.0007849,112203.0
2018-09-05 07:00:00,0.0007849,0.0007909,0.0007256,0.000747,104128.0
2018-09-06 07:00:00,0.0007479,0.0007712,0.0007136,0.0007691,115364.0
2018-09-07 07:00:00,0.0007702,0.0007901,0.0007396,0.0007841,64102.0
2018-09-08 07:00:00,0.0007865,0.0008313,0.0007662,0.0008012,107178.0
2018-09-09 07:00:00,0.0008092,0.00095,0.0008092,0.0008929,273631.0
2018-09-10 07:00:00,0.0008984,0.0009193,0.0008454,0.0008684,191784.0
2018-09-11 07:00:00,0.0008597,0.0008788,0.0008405,0.0008579,107196.0
2018-09-12 07:00:00,0.0008579,0.0009075,0.0008394,0.0008561,119832.0
2018-09-13 07:00:00,0.0008488,0.0008532,0.0007857,0.0007879,119468.0
2018-09-14 07:00:00,0.0007857,0.0008166,0.0007539,0.0007826,107598.0
2018-09-15 07:00:00,0.0007851,0.00092,0.0007522,0.0008938,81324.0
2018-09-16 07:00:00,0.0008939,0.0009236,0.0008096,0.0008555,221662.0
2018-09-17 07:00:00,0.0008531,0.0009559,0.0008304,0.0008613,213479.0
2018-09-18 07:00:00,0.0008613,0.0008973,0.0008318,0.0008454,209481.0
2018-09-19 07:00:00,0.0008356,0.0008647,0.000825,0.0008374,76842.0
2018-09-20 07:00:00,0.0008347,0.0008719,0.0008071,0.0008235,90489.0
2018-09-21 07:00:00,0.0008216,0.00093,0.0007948,0.0008028,346114.0
2018-09-22 07:00:00,0.0007947,0.0008601,0.0007837,0.000808,86595.0
2018-09-23 07:00:00,0.0008137,0.0008496,0.0007978,0.0008148,184560.0
2018-09-24 07:00:00,0.0008115,0.0008402,0.0007914,0.0008272,77874.0
2018-09-25 07:00:00,0.0008293,0.001087,0.0008112,0.0009055,1120376.0
2018-09-26 07:00:00,0.000898,0.0009381,0.0008879,0.0009008,384648.0
2018-09-27 07:00:00,0.0009025,0.0009501,0.0008814,0.0008821,322972.0
2018-09-28 07:00:00,0.0008839,0.0009182,0.0008619,0.0009064,115005.0
2018-09-29 07:00:00,0.0008944,0.000915,0.0008444,0.0009016,110657.0
2018-09-30 07:00:00,0.0008919,0.0009632,0.0008631,0.0008781,160871.0
2018-10-01 07:00:00,0.0008743,0.0008913,0.0008618,0.0008868,89958.0
2018-10-02 07:00:00,0.000887,0.0009,0.0008762,0.0008821,44044.0
2018-10-03 07:00:00,0.0008829,0.0008955,0.0008672,0.0008823,61647.0
2018-10-04 07:00:00,0.000883,0.0009019,0.0008615,0.0008887,99758.0
2018-10-05 07:00:00,0.0008885,0.0009542,0.0008885,0.000907,355008.0
2018-10-06 07:00:00,0.0009047,0.0009167,0.0008821,0.0008882,50318.0
2018-10-07 07:00:00,0.0008841,0.0009695,0.0008821,0.0009535,236147.0
2018-10-08 07:00:00,0.0009573,0.0009688,0.0009093,0.0009227,183504.0
2018-10-09 07:00:00,0.0009245,0.0009435,0.0009098,0.0009237,68125.0
2018-10-10 07:00:00,0.0009237,0.0012499,0.0009044,0.0010302,1102539.0
2018-10-11 07:00:00,0.0010231,0.0012085,0.0009631,0.0010024,1109450.0
2018-10-12 07:00:00,0.0009987,0.0010787,0.0009705,0.0009705,339987.0
2018-10-13 07:00:00,0.0009783,0.0010639,0.0009675,0.0010429,243825.0
2018-10-14 07:00:00,0.0010458,0.0010521,0.0010005,0.0010336,236930.0
2018-10-15 07:00:00,0.0010343,0.0010352,0.0009056,0.000973,227955.0
2018-10-16 07:00:00,0.0009731,0.0011079,0.0009731,0.0010464,507786.0
2018-10-17 07:00:00,0.001047,0.0010596,0.0010052,0.0010493,207421.0
2018-10-18 07:00:00,0.0010484,0.0010787,0.0010436,0.0010586,212529.0
2018-10-19 07:00:00,0.0010658,0.001197,0.0010291,0.0011488,326275.0
2018-10-20 07:00:00,0.00115,0.0014582,0.00109,0.0012637,1257961.0
2018-10-21 07:00:00,0.0012635,0.0013265,0.0011869,0.0012094,334026.0
2018-10-22 07:00:00,0.0012015,0.0012188,0.0011536,0.0011963,358463.0
2018-10-23 07:00:00,0.0011963,0.0012065,0.0011258,0.0011398,243367.0
2018-10-24 07:00:00,0.0011459,0.0011764,0.0011141,0.0011423,221514.0
2018-10-25 07:00:00,0.001147,0.0011929,0.0011194,0.0011644,232706.0
2018-10-26 07:00:00,0.0011644,0.0011662,0.0011129,0.0011321,165170.0
2018-10-27 07:00:00,0.0011397,0.0011576,0.0011051,0.0011097,145991.0
2018-10-28 07:00:00,0.0011131,0.0011518,0.0011015,0.0011338,87745.0
2018-10-29 07:00:00,0.0011338,0.0011441,0.001082,0.0010839,185859.0
2018-10-30 07:00:00,0.0010859,0.0011834,0.0010711,0.0011535,316076.0
2018-10-31 07:00:00,0.0011576,0.0011576,0.0011022,0.0011411,146082.0
2018-11-01 07:00:00,0.0011411,0.0011921,0.0011241,0.0011744,189982.0
2018-11-02 07:00:00,0.0011744,0.0011874,0.0011346,0.0011522,162244.0
2018-11-03 07:00:00,0.0011522,0.0011522,0.0011041,0.001132,135525.0
2018-11-04 07:00:00,0.0011289,0.0011289,0.0010228,0.0010706,197485.0
2018-11-05 07:00:00,0.0010772,0.001087,0.0010094,0.0010354,80600.0
2018-11-06 07:00:00,0.0010354,0.0010354,0.0009642,0.0009805,208517.0
2018-11-07 07:00:00,0.0009861,0.0010399,0.000972,0.0010181,111575.0
2018-11-08 07:00:00,0.0010187,0.001031,0.0009994,0.0010063,96258.0
2018-11-09 07:00:00,0.0010081,0.0010203,0.000969,0.0010034,69020.0
2018-11-10 07:00:00,0.0009955,0.0010137,0.0009863,0.001005,34421.0
2018-11-11 07:00:00,0.0010072,0.0011006,0.0009897,0.0010222,187938.0
2018-11-12 07:00:00,0.00102,0.0010212,0.0009723,0.0009918,106687.0
2018-11-13 07:00:00,0.0009969,0.0010186,0.0009409,0.0009517,73604.0
2018-11-14 07:00:00,0.0009449,0.0009561,0.0008522,0.0008697,306939.0
2018-11-15 07:00:00,0.0008749,0.0009324,0.0008049,0.0008332,145651.0
2018-11-16 07:00:00,0.0008332,0.0008541,0.00082,0.0008284,90959.0
2018-11-17 07:00:00,0.0008284,0.0008491,0.0007999,0.0008378,112125.0
2018-11-18 07:00:00,0.0008378,0.0008741,0.000829,0.000859,88345.0
2018-11-19 07:00:00,0.0008603,0.0008664,0.00074,0.0007546,266795.0
2018-11-20 07:00:00,0.0007554,0.0007807,0.0006537,0.0007703,267442.0
2018-11-21 07:00:00,0.0007625,0.0008129,0.0007251,0.000772,196032.0
2018-11-22 07:00:00,0.0007713,0.0008412,0.0007522,0.0007624,163834.0
2018-11-23 07:00:00,0.0007527,0.0009625,0.0007284,0.000796,642485.0
2018-11-24 07:00:00,0.0007966,0.0008742,0.000748,0.0007576,418876.0
2018-11-25 07:00:00,0.0007578,0.0007679,0.0007131,0.0007542,211943.0
2018-11-26 07:00:00,0.0007542,0.000837,0.0007332,0.000772,288801.0
2018-11-27 07:00:00,0.0007708,0.000911,0.0007544,0.0008635,337393.0
2018-11-28 07:00:00,0.000869,0.0010174,0.000827,0.0008863,461220.0
2018-11-29 07:00:00,0.00088,0.0009392,0.0008501,0.0008983,284926.0
2018-11-30 07:00:00,0.0008983,0.0008984,0.0008081,0.0008342,137719.0
2018-12-01 07:00:00,0.0008445,0.001435,0.0008445,0.0011984,3054911.0
2018-12-02 07:00:00,0.0012108,0.0012143,0.0010138,0.0010658,1054618.0
2018-12-03 07:00:00,0.0010606,0.0010606,0.0009521,0.0010064,303755.0
2018-12-04 07:00:00,0.0010088,0.0013397,0.0010088,0.0010657,1809350.0
2018-12-05 07:00:00,0.0010617,0.0010697,0.001011,0.0010697,441176.0
2018-12-06 07:00:00,0.0010697,0.001145,0.0009718,0.0010235,424442.0
2018-12-07 07:00:00,0.0010276,0.0010344,0.0009001,0.0009518,438049.0
2018-12-08 07:00:00,0.0009438,0.000964,0.0009139,0.0009532,164950.0
2018-12-09 07:00:00,0.0009529,0.0010003,0.0009214,0.0010003,104946.0
2018-12-10 07:00:00,0.0009915,0.001205,0.0009909,0.0011205,841889.0
2018-12-11 07:00:00,0.0011135,0.0011138,0.0009936,0.001036,355003.0
2018-12-12 07:00:00,0.0010482,0.0010482,0.000986,0.0010365,277193.0
2018-12-13 07:00:00,0.0010397,0.0010866,0.0010083,0.0010249,191534.0
2018-12-14 07:00:00,0.0010262,0.0010895,0.0010014,0.0010176,247557.0
2018-12-15 07:00:00,0.0010157,0.0010169,0.0009777,0.0009976,148962.0
2018-12-16 07:00:00,0.0009925,0.0010111,0.0009599,0.0009925,150346.0
2018-12-17 07:00:00,0.0009927,0.0011515,0.0009774,0.0010145,592215.0
2018-12-18 07:00:00,0.0010123,0.0010204,0.0009638,0.0009681,209871.0
2018-12-19 07:00:00,0.0009676,0.0010558,0.0009555,0.0010125,252361.0
2018-12-20 07:00:00,0.0010151,0.00105,0.000906,0.0009433,311311.0
2018-12-21 07:00:00,0.0009471,0.0009527,0.0008606,0.000912,266038.0
2018-12-22 07:00:00,0.0009144,0.00101,0.0009047,0.000929,277283.0
2018-12-23 07:00:00,0.0009353,0.0009999,0.0008382,0.0008622,231948.0
2018-12-24 07:00:00,0.0008647,0.0008647,0.0007502,0.0008248,179342.0
2018-12-25 07:00:00,0.0008129,0.0008334,0.0007666,0.0007873,99509.0
2018-12-26 07:00:00,0.0007989,0.0008024,0.00076,0.0007826,84955.0
2018-12-27 07:00:00,0.0007826,0.000824,0.0007689,0.0008133,162095.0
2018-12-28 07:00:00,0.0008085,0.0009069,0.0007359,0.0007528,307253.0
2018-12-29 07:00:00,0.0007486,0.000769,0.0007014,0.0007333,113441.0
2018-12-30 07:00:00,0.0007264,0.0007585,0.0007241,0.000733,114568.0
2018-12-31 07:00:00,0.0007309,0.0007386,0.0007054,0.0007287,77812.0
2019-01-01 07:00:00,0.0007311,0.0007851,0.0007145,0.0007451,311358.0
2019-01-02 07:00:00,0.0007451,0.0007652,0.0006958,0.0007095,136840.0
2019-01-03 07:00:00,0.0007116,0.0007355,0.0006806,0.0007218,122859.0
2019-01-04 07:00:00,0.0007213,0.0007433,0.0007019,0.0007106,108606.0
2019-01-05 07:00:00,0.0007105,0.0007285,0.0006828,0.0007002,80194.0
2019-01-06 07:00:00,0.0006989,0.0007232,0.0006944,0.0007123,96139.0
2019-01-07 07:00:00,0.0007116,0.0007283,0.0007013,0.0007235,88308.0
2019-01-08 07:00:00,0.000724,0.0007592,0.0007116,0.0007167,162970.0
2019-01-09 07:00:00,0.0007179,0.0007403,0.0007044,0.0007296,123182.0
2019-01-10 07:00:00,0.0007296,0.0007789,0.0007033,0.0007231,362314.0
2019-01-11 07:00:00,0.0007263,0.000744,0.0007051,0.0007259,233424.0
2019-01-12 07:00:00,0.0007236,0.0007362,0.0007124,0.0007329,74432.0
2019-01-13 07:00:00,0.0007345,0.00076,0.0007302,0.0007543,117332.0
2019-01-14 07:00:00,0.0007531,0.0007834,0.0007118,0.0007259,298482.0
2019-01-15 07:00:00,0.0007268,0.0007936,0.0007233,0.0007734,269316.0
2019-01-16 07:00:00,0.0007841,0.0007955,0.0007641,0.0007884,107392.0
2019-01-17 07:00:00,0.0007782,0.0008555,0.0007781,0.0008306,291407.0
2019-01-18 07:00:00,0.0008283,0.0008302,0.0007804,0.0008129,220819.0
2019-01-19 07:00:00,0.000813,0.001125,0.0008055,0.0009012,1367010.0
2019-01-20 07:00:00,0.0009094,0.00097,0.0008387,0.0008754,712463.0
2019-01-21 07:00:00,0.0008754,0.0009221,0.0008404,0.0008848,647976.0
2019-01-22 07:00:00,0.0008805,0.0010111,0.0008602,0.000896,723238.0
2019-01-23 07:00:00,0.0008956,0.0010387,0.0008678,0.0009151,995957.0
2019-01-24 07:00:00,0.0009154,0.0009605,0.0008889,0.0009305,343848.0
2019-01-25 07:00:00,0.0009298,0.0009404,0.0008738,0.0009011,290134.0
2019-01-26 07:00:00,0.0009008,0.0009303,0.0008731,0.0008868,325343.0
2019-01-27 07:00:00,0.000888,0.000892,0.0008385,0.0008626,206487.0
2019-01-28 07:00:00,0.0008626,0.0008688,0.0008304,0.00085,195240.0
2019-01-29 07:00:00,0.0008513,0.0008951,0.0008394,0.000881,186755.0
2019-01-30 07:00:00,0.0008826,0.0008949,0.000854,0.000866,196364.0
2019-01-31 07:00:00,0.0008638,0.0008639,0.00082,0.0008337,77505.0
2019-02-01 07:00:00,0.0008252,0.0008527,0.0008251,0.000846,77845.0
2019-02-02 07:00:00,0.0008479,0.0008888,0.0008387,0.0008599,236822.0
2019-02-03 07:00:00,0.0008643,0.000895,0.0008346,0.0008438,139400.0
2019-02-04 07:00:00,0.0008438,0.000849,0.0008338,0.0008466,41561.0
2019-02-05 07:00:00,0.0008466,0.0009108,0.0008382,0.000858,336239.0
2019-02-06 07:00:00,0.0008578,0.0009082,0.0008518,0.0008863,291606.0
2019-02-07 07:00:00,0.0008883,0.0009877,0.0008789,0.0009363,515407.0
2019-02-08 07:00:00,0.0009363,0.0014845,0.0009342,0.000951,5089115.0
2019-02-09 07:00:00,0.0009475,0.0009872,0.0009142,0.0009353,663825.0
2019-02-10 07:00:00,0.0009348,0.0010187,0.0008859,0.000886,566965.0
2019-02-11 07:00:00,0.0008869,0.0009527,0.0008823,0.0009442,556035.0
2019-02-12 07:00:00,0.0009443,0.0009998,0.0008925,0.0009219,455576.0
2019-02-13 07:00:00,0.0009218,0.0009275,0.0008828,0.000895,99145.0
2019-02-14 07:00:00,0.0008964,0.0009018,0.0008638,0.0008842,123505.0
2019-02-15 07:00:00,0.0008841,0.0008872,0.000856,0.0008738,192650.0
2019-02-16 07:00:00,0.000873,0.0009902,0.0008666,0.0009469,631184.0
2019-02-17 07:00:00,0.0009447,0.0011495,0.0009022,0.00093,1860343.0
2019-02-18 07:00:00,0.0009303,0.0009303,0.0008222,0.0008303,456655.0
2019-02-19 07:00:00,0.0008288,0.0008492,0.0007864,0.0008212,164026.0
2019-02-20 07:00:00,0.0008201,0.0008694,0.0008168,0.0008409,225095.0
2019-02-21 07:00:00,0.0008442,0.000862,0.0007982,0.0008177,116714.0
2019-02-22 07:00:00,0.0008175,0.0008177,0.0007955,0.0008115,87313.0
2019-02-23 07:00:00,0.0008119,0.000845,0.0007896,0.0007919,151484.0
2019-02-24 07:00:00,0.0007907,0.0008516,0.0007674,0.0008418,359425.0
2019-02-25 07:00:00,0.0008373,0.0008555,0.0008,0.000842,269966.0
2019-02-26 07:00:00,0.0008419,0.00093,0.0008414,0.0008949,451879.0
2019-02-27 07:00:00,0.0008948,0.0009053,0.0008435,0.0008731,310179.0
2019-02-28 07:00:00,0.0008766,0.0009816,0.0008586,0.0009802,647438.0
2019-03-01 07:00:00,0.0009733,0.001,0.0009169,0.000948,267424.0
2019-03-02 07:00:00,0.0009424,0.0009565,0.0009205,0.0009447,153267.0
2019-03-03 07:00:00,0.0009452,0.0009458,0.0009214,0.0009343,103292.0
2019-03-04 07:00:00,0.0009343,0.0009469,0.000887,0.000906,162733.0
2019-03-05 07:00:00,0.0009187,0.0009329,0.0008832,0.0009202,222406.0
2019-03-06 07:00:00,0.000912,0.0009408,0.0008856,0.0009049,104640.0
2019-03-07 07:00:00,0.0009046,0.0009887,0.0008821,0.0009725,512481.0
2019-03-08 07:00:00,0.0009735,0.0009773,0.0009281,0.000939,236724.0
2019-03-09 07:00:00,0.0009419,0.0009852,0.0009419,0.0009649,214283.0
2019-03-10 07:00:00,0.0009658,0.0010653,0.0009658,0.0010291,412720.0
2019-03-11 07:00:00,0.0010385,0.0011202,0.000973,0.0010802,855148.0
2019-03-12 07:00:00,0.0010728,0.0013196,0.0010366,0.0010784,995733.0
2019-03-13 07:00:00,0.001078,0.0010872,0.0010397,0.0010506,157353.0
2019-03-14 07:00:00,0.0010532,0.0011376,0.0010444,0.0010969,215328.0
2019-03-15 07:00:00,0.0011011,0.0011297,0.0010602,0.0010743,126998.0
2019-03-16 07:00:00,0.0010743,0.001078,0.0010033,0.0010243,146548.0
2019-03-17 07:00:00,0.0010272,0.001084,0.0010264,0.0010625,81487.0
2019-03-18 07:00:00,0.0010624,0.0010638,0.0010159,0.0010345,113893.0
2019-03-19 07:00:00,0.0010345,0.0010377,0.0010125,0.0010354,94804.0
2019-03-20 07:00:00,0.0010378,0.0010701,0.001028,0.00105,133431.0
2019-03-21 07:00:00,0.00105,0.0010546,0.0009662,0.0010171,200001.0
2019-03-22 07:00:00,0.001019,0.0012365,0.0010138,0.001042,497958.0
2019-03-23 07:00:00,0.0010442,0.0010466,0.0010137,0.0010247,58690.0
2019-03-24 07:00:00,0.0010207,0.00106,0.0010117,0.0010425,126312.0
2019-03-25 07:00:00,0.0010522,0.0010715,0.0010185,0.0010434,218656.0
2019-03-26 07:00:00,0.0010493,0.0017496,0.0010196,0.0013584,3587055.0
2019-03-27 07:00:00,0.0013739,0.001403,0.0011892,0.001233,1495039.0
2019-03-28 07:00:00,0.0012378,0.0012378,0.0011558,0.0011845,279986.0
2019-03-29 07:00:00,0.0011832,0.0011911,0.0011466,0.0011502,182485.0
2019-03-30 07:00:00,0.0011475,0.0011507,0.0010845,0.0011157,261471.0
2019-03-31 07:00:00,0.0011153,0.0012027,0.0010941,0.0011578,395308.0
2019-04-01 07:00:00,0.0011648,0.0012027,0.0011485,0.0011603,241443.0
2019-04-02 07:00:00,0.0011578,0.0011792,0.0010208,0.0010663,676231.0
2019-04-03 07:00:00,0.0010519,0.0010709,0.0009715,0.0010392,352447.0
2019-04-04 07:00:00,0.0010406,0.0010928,0.0010351,0.0010928,162992.0
2019-04-05 07:00:00,0.0010927,0.0011477,0.0010532,0.0011072,264357.0
2019-04-06 07:00:00,0.0011155,0.0011217,0.0010345,0.0010627,127241.0
2019-04-07 07:00:00,0.0010698,0.0010771,0.0010242,0.0010379,65488.0
2019-04-08 07:00:00,0.0010379,0.001039,0.0009471,0.0009572,139401.0
2019-04-09 07:00:00,0.0009591,0.0011025,0.0009185,0.00095,503913.0
2019-04-10 07:00:00,0.00095,0.0010818,0.0009343,0.001004,876532.0
2019-04-11 07:00:00,0.0009944,0.0011688,0.0009605,0.0010046,1039095.0
2019-04-12 07:00:00,0.0010046,0.001044,0.0009596,0.0010156,354560.0
2019-04-13 07:00:00,0.0010191,0.0010285,0.0009945,0.0009945,90572.0
2019-04-14 07:00:00,0.0010011,0.001052,0.0009961,0.0010259,108858.0
2019-04-15 07:00:00,0.001019,0.0010515,0.001,0.0010168,124459.0
2019-04-16 07:00:00,0.0010172,0.001035,0.0009833,0.0009888,111500.0
2019-04-17 07:00:00,0.0009887,0.0010353,0.0009678,0.0010212,146505.0
2019-04-18 07:00:00,0.00102,0.0010237,0.00097,0.0009842,159083.0
2019-04-19 07:00:00,0.0009842,0.0010261,0.0009762,0.0010191,206332.0
2019-04-20 07:00:00,0.0010245,0.0010717,0.0010026,0.0010039,175957.0
2019-04-21 07:00:00,0.0010095,0.0010791,0.0009815,0.0010425,173596.0
2019-04-22 07:00:00,0.0010433,0.0010911,0.0010108,0.0010569,197703.0
2019-04-23 07:00:00,0.0010639,0.0010729,0.0010019,0.0010296,262020.0
2019-04-24 07:00:00,0.0010332,0.0010423,0.0009187,0.0009502,331693.0
2019-04-25 07:00:00,0.0009526,0.0010209,0.0009288,0.000939,524699.0
2019-04-26 07:00:00,0.0009347,0.0009393,0.0008895,0.0008995,163779.0
2019-04-27 07:00:00,0.0009002,0.0009333,0.0008971,0.0009273,59533.0
2019-04-28 07:00:00,0.0009175,0.0009366,0.0008872,0.000899,191086.0
2019-04-29 07:00:00,0.0008965,0.0009408,0.0008713,0.0008741,165005.0
2019-04-30 07:00:00,0.0008805,0.0008805,0.0008334,0.0008664,205670.0
2019-05-01 07:00:00,0.000866,0.0008778,0.000849,0.0008682,122121.0
2019-05-02 07:00:00,0.0008682,0.0008769,0.000859,0.0008667,65637.0
2019-05-03 07:00:00,0.0008667,0.0009,0.0008,0.0008372,321806.0
2019-05-04 07:00:00,0.0008432,0.0008612,0.0008034,0.0008495,164735.0
2019-05-05 07:00:00,0.000839,0.000851,0.0008257,0.000831,93722.0
2019-05-06 07:00:00,0.000831,0.0008761,0.0007942,0.0008102,193761.0
2019-05-07 07:00:00,0.0008028,0.0008034,0.0007573,0.0007842,193084.0
2019-05-08 07:00:00,0.0007821,0.000783,0.000758,0.0007649,76472.0
2019-05-09 07:00:00,0.0007637,0.0007683,0.0006752,0.0006822,455098.0
2019-05-10 07:00:00,0.0006791,0.0007411,0.0006646,0.0007108,274090.0
2019-05-11 07:00:00,0.0007116,0.00075,0.0006417,0.0006751,156492.0
2019-05-12 07:00:00,0.0006623,0.0006749,0.0006457,0.0006659,146829.0
2019-05-13 07:00:00,0.0006658,0.0006771,0.0006146,0.0006269,291129.0
2019-05-14 07:00:00,0.0006316,0.0006679,0.000593,0.0006051,339587.0
2019-05-15 07:00:00,0.0006052,0.0006233,0.0005775,0.0005881,390991.0
2019-05-16 07:00:00,0.000591,0.0005967,0.0005233,0.0005381,439408.0
2019-05-17 07:00:00,0.000535,0.0005833,0.0005347,0.0005578,341088.0
2019-05-18 07:00:00,0.0005612,0.0007879,0.0005563,0.0006061,687800.0
2019-05-19 07:00:00,0.0006093,0.0006097,0.0005438,0.0005503,456119.0
2019-05-20 07:00:00,0.00055,0.000568,0.0005449,0.0005496,189849.0
2019-05-21 07:00:00,0.0005456,0.0006195,0.0005446,0.0005835,438596.0
2019-05-22 07:00:00,0.0005807,0.00072,0.0005724,0.0006204,773200.0
2019-05-23 07:00:00,0.0006254,0.0006507,0.0006033,0.0006422,309136.0
2019-05-24 07:00:00,0.0006382,0.0007399,0.0006137,0.000642,609347.0
2019-05-25 07:00:00,0.0006457,0.0006609,0.0006137,0.0006476,244389.0
2019-05-26 07:00:00,0.0006476,0.000734,0.0006054,0.0006267,721893.0
2019-05-27 07:00:00,0.0006268,0.0006419,0.0006111,0.000626,165108.0
2019-05-28 07:00:00,0.0006286,0.0006682,0.0006189,0.0006419,206846.0
2019-05-29 07:00:00,0.0006451,0.0007218,0.00064,0.0006543,452776.0
2019-05-30 07:00:00,0.0006534,0.0006748,0.0006097,0.0006496,638081.0
2019-05-31 07:00:00,0.0006474,0.0006649,0.0006428,0.0006569,606948.0
2019-06-01 07:00:00,0.0006519,0.0006551,0.0006321,0.0006443,159395.0
2019-06-02 07:00:00,0.000639,0.000658,0.0006288,0.0006552,275547.0
2019-06-03 07:00:00,0.000658,0.0006681,0.0006266,0.0006321,154048.0
2019-06-04 07:00:00,0.0006317,0.0006353,0.0005993,0.0006138,187622.0
2019-06-05 07:00:00,0.0006091,0.0006408,0.0005992,0.000602,248941.0
2019-06-06 07:00:00,0.0006057,0.0006127,0.0005965,0.0005972,90465.0
2019-06-07 07:00:00,0.0006022,0.0006807,0.0005991,0.0006404,821622.0
2019-06-08 07:00:00,0.0006374,0.0007809,0.0006263,0.0006723,1087896.0
2019-06-09 07:00:00,0.0006723,0.0006745,0.0006399,0.0006511,365151.0
2019-06-10 07:00:00,0.0006531,0.0006915,0.000641,0.0006637,477733.0
2019-06-11 07:00:00,0.0006635,0.0006828,0.0006528,0.0006765,247572.0
2019-06-12 07:00:00,0.0006752,0.0007145,0.0006535,0.000655,545797.0
2019-06-13 07:00:00,0.000655,0.0006807,0.0006438,0.0006723,275639.0
2019-06-14 07:00:00,0.0006703,0.0006816,0.0006093,0.000618,283056.0
2019-06-15 07:00:00,0.0006201,0.0006221,0.0005902,0.0006012,145608.0
2019-06-16 07:00:00,0.0005998,0.0006071,0.0005658,0.0005864,273242.0
2019-06-17 07:00:00,0.000588,0.000618,0.000574,0.0006115,301380.0
2019-06-18 07:00:00,0.0006116,0.0006182,0.0005858,0.0006041,97410.0
2019-06-19 07:00:00,0.0006022,0.0006229,0.0005971,0.0006159,164045.0
2019-06-20 07:00:00,0.000614,0.0006241,0.000555,0.0005731,269845.0
2019-06-21 07:00:00,0.000573,0.000573,0.0004854,0.0004859,157072.0
2019-06-22 07:00:00,0.0004884,0.0004969,0.0004424,0.000462,386393.0
2019-06-23 07:00:00,0.0004606,0.0004931,0.0004421,0.0004558,189705.0
2019-06-24 07:00:00,0.0004603,0.0004876,0.0004535,0.000464,246320.0
2019-06-25 07:00:00,0.0004645,0.0004809,0.0004551,0.0004601,160478.0
2019-06-26 07:00:00,0.000461,0.000461,0.0003874,0.0004116,451028.0
2019-06-27 07:00:00,0.000411,0.0004762,0.0003986,0.0004408,397567.0
2019-06-28 07:00:00,0.0004409,0.0005587,0.0004333,0.0004414,2081119.0
2019-06-29 07:00:00,0.0004411,0.0004576,0.0004305,0.0004367,307815.0
2019-06-30 07:00:00,0.0004343,0.000464,0.0004275,0.000444,218604.0
2019-07-01 07:00:00,0.0004439,0.0004574,0.0004355,0.0004386,288875.0
2019-07-02 07:00:00,0.0004384,0.0004509,0.0004153,0.000423,308148.0
2019-07-03 07:00:00,0.0004236,0.0004488,0.0004139,0.0004202,402824.0
2019-07-04 07:00:00,0.0004203,0.0004523,0.000417,0.0004392,241508.0
2019-07-05 07:00:00,0.0004436,0.00059,0.0004421,0.0004811,1554278.0
2019-07-06 07:00:00,0.0004811,0.0004811,0.0004533,0.0004689,393026.0
2019-07-07 07:00:00,0.000468,0.000468,0.0004375,0.0004457,125466.0
2019-07-08 07:00:00,0.0004457,0.0004582,0.0004311,0.0004352,78967.0
2019-07-09 07:00:00,0.0004352,0.000438,0.0004214,0.0004331,102281.0
2019-07-10 07:00:00,0.0004303,0.0004727,0.0004303,0.000431,116649.0
2019-07-11 07:00:00,0.0004396,0.0004487,0.0004139,0.0004201,83067.0
2019-07-12 07:00:00,0.0004161,0.0004287,0.0004018,0.0004192,140838.0
2019-07-13 07:00:00,0.0004232,0.0004348,0.0004111,0.0004126,87389.0
2019-07-14 07:00:00,0.0004165,0.0004844,0.0004146,0.0004678,577859.0
2019-07-15 07:00:00,0.0004676,0.0005628,0.0004636,0.0004789,940688.0
2019-07-16 07:00:00,0.0004825,0.0005,0.0004504,0.0004592,220192.0
2019-07-17 07:00:00,0.0004525,0.0004576,0.0004296,0.0004371,124733.0
2019-07-18 07:00:00,0.0004383,0.0004533,0.0004279,0.0004292,111585.0
2019-07-19 07:00:00,0.0004322,0.0004531,0.0004322,0.0004464,114962.0
2019-07-20 07:00:00,0.0004511,0.0004579,0.000435,0.0004438,123789.0
2019-07-21 07:00:00,0.0004466,0.0004557,0.0004384,0.0004454,78472.0
2019-07-22 07:00:00,0.0004454,0.0005222,0.0004411,0.0004765,511699.0
2019-07-23 07:00:00,0.0004787,0.0006174,0.0004787,0.0005149,1791960.0
2019-07-24 07:00:00,0.000514,0.0005145,0.0004715,0.0004842,213972.0
2019-07-25 07:00:00,0.0004809,0.0005,0.0004683,0.000486,145285.0
2019-07-26 07:00:00,0.0004871,0.0005287,0.0004783,0.0005127,246206.0
2019-07-27 07:00:00,0.0005074,0.0005101,0.0004902,0.0005041,110074.0
2019-07-28 07:00:00,0.0005029,0.0005262,0.0004961,0.0005045,288444.0
2019-07-29 07:00:00,0.0005045,0.0005299,0.0004919,0.0005197,139271.0
2019-07-30 07:00:00,0.0005211,0.0005274,0.0004962,0.0005091,42272.0
2019-07-31 07:00:00,0.0005054,0.00051,0.0004793,0.0004888,42534.0
2019-08-01 07:00:00,0.0004888,0.0004935,0.0004598,0.0004708,106822.0
2019-08-02 07:00:00,0.0004708,0.0004762,0.0004518,0.000466,75865.0
2019-08-03 07:00:00,0.0004713,0.0004945,0.0004478,0.0004589,78752.0
2019-08-04 07:00:00,0.0004554,0.0004636,0.0004497,0.0004547,49262.0
2019-08-05 07:00:00,0.0004519,0.000455,0.0004148,0.000418,98234.0
2019-08-06 07:00:00,0.0004173,0.0004238,0.0004,0.0004087,66866.0
2019-08-07 07:00:00,0.0004095,0.000466,0.0003982,0.0004329,362646.0
2019-08-08 07:00:00,0.0004363,0.000477,0.0004162,0.0004223,279211.0
2019-08-09 07:00:00,0.0004202,0.0004273,0.0004052,0.0004123,113763.0
2019-08-10 07:00:00,0.0004222,0.0004421,0.0004028,0.0004295,236275.0
2019-08-11 07:00:00,0.0004286,0.0004458,0.000419,0.0004204,204888.0
2019-08-12 07:00:00,0.0004194,0.0004475,0.000419,0.0004354,255950.0
2019-08-13 07:00:00,0.0004312,0.0004497,0.0004206,0.0004333,172155.0
2019-08-14 07:00:00,0.000433,0.000473,0.0004175,0.0004525,331273.0
2019-08-15 07:00:00,0.0004536,0.000471,0.0004271,0.0004352,103563.0
2019-08-16 07:00:00,0.0004361,0.0004831,0.0004279,0.0004363,265265.0
2019-08-17 07:00:00,0.000436,0.0004641,0.000436,0.0004392,84274.0
2019-08-18 07:00:00,0.000439,0.0004449,0.000414,0.0004243,68150.0
2019-08-19 07:00:00,0.0004244,0.00043,0.0004156,0.0004156,69563.0
2019-08-20 07:00:00,0.0004175,0.0004319,0.0004134,0.0004257,89920.0
2019-08-21 07:00:00,0.0004243,0.0004418,0.0004213,0.0004336,169392.0
2019-08-22 07:00:00,0.0004328,0.0004548,0.0004251,0.0004478,116445.0
2019-08-23 07:00:00,0.000448,0.0004948,0.0004436,0.0004588,220088.0
2019-08-24 07:00:00,0.0004573,0.0004951,0.0004562,0.0004777,179637.0
2019-08-25 07:00:00,0.0004779,0.0005655,0.0004745,0.0005546,283620.0
2019-08-26 07:00:00,0.0005551,0.0005552,0.0004891,0.00051,273190.0
2019-08-27 07:00:00,0.0005141,0.0005351,0.0004745,0.0004821,241850.0
2019-08-28 07:00:00,0.0004853,0.0005,0.0004663,0.0004681,279506.0
2019-08-29 07:00:00,0.0004694,0.0004726,0.0004438,0.000457,229279.0
2019-08-30 07:00:00,0.0004593,0.0004641,0.0004492,0.0004565,102218.0
2019-08-31 07:00:00,0.0004555,0.000466,0.000445,0.000452,98275.0
2019-09-01 07:00:00,0.000452,0.0004642,0.0004456,0.0004561,113955.0
2019-09-02 07:00:00,0.000456,0.000456,0.0004182,0.0004339,203221.0
2019-09-03 07:00:00,0.0004323,0.0004375,0.0004159,0.0004313,160110.0
2019-09-04 07:00:00,0.0004309,0.0004802,0.0004251,0.0004637,241386.0
2019-09-05 07:00:00,0.0004636,0.000518,0.0004611,0.0004629,394968.0
2019-09-06 07:00:00,0.0004638,0.0004775,0.0004552,0.0004636,162496.0
2019-09-07 07:00:00,0.0004657,0.0004658,0.0004368,0.000447,101345.0
2019-09-08 07:00:00,0.0004471,0.0004472,0.0004276,0.0004346,123732.0
2019-09-09 07:00:00,0.0004337,0.0004441,0.0004252,0.0004373,169829.0
2019-09-10 07:00:00,0.0004407,0.000499,0.0004371,0.000453,623007.0
2019-09-11 07:00:00,0.0004537,0.000456,0.0004262,0.0004307,244739.0
2019-09-12 07:00:00,0.0004312,0.0004616,0.0004267,0.0004302,239869.0
2019-09-13 07:00:00,0.0004307,0.0004412,0.0004243,0.0004296,77199.0
2019-09-14 07:00:00,0.0004287,0.0004352,0.0004162,0.0004201,119058.0
2019-09-15 07:00:00,0.0004175,0.000428,0.0004156,0.0004184,52278.0
2019-09-16 07:00:00,0.0004195,0.0004195,0.0003957,0.0004009,135657.0
2019-09-17 07:00:00,0.0003989,0.0004156,0.0003714,0.0003804,241985.0
2019-09-18 07:00:00,0.0003808,0.0003879,0.0003708,0.000387,236596.0
2019-09-19 07:00:00,0.0003894,0.0004014,0.000356,0.0003647,362534.0
2019-09-20 07:00:00,0.0003663,0.0003977,0.0003645,0.0003901,293582.0
2019-09-21 07:00:00,0.0003899,0.0003919,0.0003811,0.0003887,88370.0
2019-09-22 07:00:00,0.0003874,0.0003936,0.000369,0.0003694,173782.0
2019-09-23 07:00:00,0.0003695,0.0003785,0.0003536,0.0003609,149693.0
2019-09-24 07:00:00,0.0003602,0.0004079,0.000357,0.000365,996168.0
2019-09-25 07:00:00,0.0003645,0.0003683,0.0003548,0.0003644,253582.0
2019-09-26 07:00:00,0.0003653,0.0003754,0.0003476,0.000353,297736.0
2019-09-27 07:00:00,0.000353,0.0003786,0.0003486,0.0003566,239723.0
2019-09-28 07:00:00,0.0003578,0.0003936,0.0003538,0.0003723,266812.0
2019-09-29 07:00:00,0.000373,0.0003923,0.0003728,0.0003805,206393.0
2019-09-30 07:00:00,0.0003801,0.0003832,0.000355,0.000355,321034.0
2019-10-01 07:00:00,0.0003545,0.0003883,0.0003469,0.000379,261440.0
2019-10-02 07:00:00,0.000381,0.0003825,0.0003735,0.0003738,111442.0
2019-10-03 07:00:00,0.000374,0.000387,0.000374,0.0003817,106370.0
2019-10-04 07:00:00,0.000382,0.0004072,0.0003811,0.0003999,248421.0
2019-10-05 07:00:00,0.0003989,0.0006612,0.000398,0.0005538,2804776.0
2019-10-06 07:00:00,0.0005528,0.0005747,0.0004769,0.0004812,758547.0
2019-10-07 07:00:00,0.0004821,0.0004821,0.0004586,0.000464,199438.0
2019-10-08 07:00:00,0.0004673,0.0004732,0.0004341,0.0004522,245497.0
2019-10-09 07:00:00,0.0004519,0.0004701,0.0004031,0.0004156,404174.0
2019-10-10 07:00:00,0.0004156,0.000446,0.0004073,0.0004286,213597.0
2019-10-11 07:00:00,0.0004286,0.0004439,0.0004108,0.0004337,122618.0
2019-10-12 07:00:00,0.0004357,0.0004704,0.0004315,0.0004607,210819.0
2019-10-13 07:00:00,0.0004595,0.0004629,0.0004329,0.0004419,56354.0
2019-10-14 07:00:00,0.0004396,0.0004396,0.0004168,0.0004317,109610.0
2019-10-15 07:00:00,0.0004259,0.0004405,0.0004227,0.0004294,36638.0
2019-10-16 07:00:00,0.0004209,0.0004288,0.0003963,0.0004147,77689.0
2019-10-17 07:00:00,0.0004117,0.0004177,0.0004026,0.0004158,18673.0
2019-10-18 07:00:00,0.0004168,0.0004288,0.000411,0.0004153,68342.0
2019-10-19 07:00:00,0.0004151,0.0004269,0.0004114,0.0004247,21061.0
2019-10-20 07:00:00,0.0004249,0.000427,0.0004058,0.0004152,53887.0
2019-10-21 07:00:00,0.0004152,0.0004448,0.0004142,0.0004407,85351.0
2019-10-22 07:00:00,0.0004405,0.0004808,0.0004359,0.0004537,442021.0
2019-10-23 07:00:00,0.000453,0.0004594,0.000416,0.000427,237698.0
2019-10-24 07:00:00,0.0004227,0.0004272,0.0004078,0.000426,140011.0
2019-10-25 07:00:00,0.0004259,0.00043,0.00038,0.0004013,253835.0
2019-10-26 07:00:00,0.0003998,0.00045,0.0003848,0.0004274,555795.0
2019-10-27 07:00:00,0.000425,0.0004558,0.0004,0.0004297,299267.0
2019-10-28 07:00:00,0.0004262,0.0004451,0.000416,0.000444,116956.0
2019-10-29 07:00:00,0.0004404,0.0004637,0.0004202,0.0004398,263225.0
2019-10-30 07:00:00,0.0004358,0.0004392,0.0004206,0.000427,86205.0
2019-10-31 07:00:00,0.000427,0.000466,0.000421,0.0004431,141577.0
2019-11-01 07:00:00,0.0004472,0.0005087,0.000445,0.0004596,592325.0
2019-11-02 07:00:00,0.0004585,0.0004734,0.000449,0.0004625,120665.0
2019-11-03 07:00:00,0.0004625,0.0005418,0.000446,0.0004592,495030.0
2019-11-04 07:00:00,0.0004592,0.0004668,0.0004404,0.0004506,135829.0
2019-11-05 07:00:00,0.0004471,0.0004507,0.0004299,0.000436,114348.0
2019-11-06 07:00:00,0.0004354,0.0004369,0.0004151,0.0004196,129287.0
2019-11-07 07:00:00,0.0004221,0.0004406,0.0004204,0.0004359,126552.0
2019-11-08 07:00:00,0.0004395,0.0005266,0.0004395,0.0004679,709179.0
2019-11-09 07:00:00,0.0004669,0.0004669,0.000448,0.0004538,94933.0
2019-11-10 07:00:00,0.0004542,0.0004542,0.0004301,0.0004385,120528.0
2019-11-11 07:00:00,0.0004385,0.0004452,0.0004274,0.0004451,82354.0
2019-11-12 07:00:00,0.0004451,0.0004614,0.0004321,0.0004433,173335.0
2019-11-13 07:00:00,0.000444,0.0004471,0.0004319,0.0004405,43187.0
2019-11-14 07:00:00,0.0004405,0.000456,0.0004351,0.000456,127709.0
2019-11-15 07:00:00,0.0004562,0.0004585,0.0004425,0.0004545,90972.0
2019-11-16 07:00:00,0.000458,0.00046,0.000445,0.0004583,185732.0
2019-11-17 07:00:00,0.0004566,0.0004605,0.0004462,0.000453,42328.0
2019-11-18 07:00:00,0.0004512,0.000477,0.000448,0.0004589,177359.0
2019-11-19 07:00:00,0.0004593,0.000466,0.0004281,0.0004416,118786.0
2019-11-20 07:00:00,0.0004416,0.0004485,0.000435,0.0004461,30433.0
2019-11-21 07:00:00,0.0004472,0.0004535,0.00043,0.0004519,55787.0
2019-11-22 07:00:00,0.0004521,0.0004521,0.0004258,0.0004466,139692.0
2019-11-23 07:00:00,0.0004446,0.0004585,0.000441,0.0004583,78064.0
2019-11-24 07:00:00,0.0004582,0.0004628,0.0004448,0.000456,48900.0
2019-11-25 07:00:00,0.0004558,0.000479,0.0004327,0.0004737,138197.0
2019-11-26 07:00:00,0.0004737,0.0005113,0.0004593,0.0004925,174145.0
2019-11-27 07:00:00,0.0004938,0.0005817,0.0004719,0.0005054,531521.0
2019-11-28 07:00:00,0.0005054,0.0005324,0.0004966,0.0005023,89789.0
2019-11-29 07:00:00,0.0005019,0.0005652,0.0005015,0.0005266,93641.0
2019-11-30 07:00:00,0.0005266,0.0005758,0.0004791,0.0004954,623293.0
2019-12-01 07:00:00,0.0004954,0.0006665,0.0004805,0.0006053,1106080.0
2019-12-02 07:00:00,0.0006081,0.0006092,0.0005321,0.0005402,370106.0
2019-12-03 07:00:00,0.0005467,0.0005652,0.0005156,0.0005254,99863.0
2019-12-04 07:00:00,0.0005219,0.0005236,0.0004935,0.0005056,126447.0
2019-12-05 07:00:00,0.0005005,0.0005114,0.000495,0.0005084,96564.0
2019-12-06 07:00:00,0.0005084,0.0005445,0.0005037,0.00052,126650.0
2019-12-07 07:00:00,0.0005183,0.0005349,0.0005108,0.0005349,56455.0
2019-12-08 07:00:00,0.0005268,0.0005321,0.000512,0.0005249,32600.0
2019-12-09 07:00:00,0.0005258,0.0005609,0.0005158,0.0005499,96017.0
2019-12-10 07:00:00,0.0005494,0.0005494,0.0004972,0.0005096,85321.0
2019-12-11 07:00:00,0.0005096,0.0005388,0.000502,0.00053,30599.0
2019-12-12 07:00:00,0.0005268,0.0005314,0.0005155,0.0005211,9761.0
2019-12-13 07:00:00,0.0005211,0.0005458,0.0005154,0.0005421,44730.0
2019-12-14 07:00:00,0.0005356,0.0005509,0.0005158,0.0005337,59134.0
2019-12-15 07:00:00,0.0005343,0.0005719,0.0005281,0.0005417,75227.0
2019-12-16 07:00:00,0.0005415,0.0006049,0.0005352,0.000585,137940.0
2019-12-17 07:00:00,0.000585,0.0005859,0.0005481,0.0005577,78751.0
2019-12-18 07:00:00,0.0005577,0.0005903,0.0005569,0.0005799,48815.0
2019-12-19 07:00:00,0.0005799,0.0006552,0.0005799,0.0006223,155269.0
2019-12-20 07:00:00,0.0006237,0.000649,0.0006118,0.0006232,113823.0
2019-12-21 07:00:00,0.0006224,0.0006352,0.0006136,0.0006136,78052.0
2019-12-22 07:00:00,0.0006119,0.0006187,0.000581,0.0006029,80091.0
2019-12-23 07:00:00,0.0006028,0.0006028,0.0005694,0.0005771,37568.0
2019-12-24 07:00:00,0.0005762,0.0005813,0.0005666,0.000575,20711.0
2019-12-25 07:00:00,0.0005762,0.00061,0.0005762,0.0005891,56679.0
2019-12-26 07:00:00,0.0005891,0.0006113,0.0005872,0.0005969,21180.0
2019-12-27 07:00:00,0.0005969,0.0006219,0.000595,0.0006145,35235.0
2019-12-28 07:00:00,0.0006147,0.0006407,0.0006,0.0006179,85646.0
2019-12-29 07:00:00,0.0006257,0.0006346,0.0005943,0.0006034,24484.0
2019-12-30 07:00:00,0.0006036,0.0006147,0.0005927,0.0006035,11299.0
2019-12-31 07:00:00,0.0006,0.0006066,0.0005895,0.0006012,26748.0
2020-01-01 07:00:00,0.0005985,0.0006092,0.0005894,0.0006066,13570.0
2020-01-02 07:00:00,0.0006066,0.0006486,0.0005973,0.0006201,113512.0
2020-01-03 07:00:00,0.0006174,0.000649,0.0006113,0.000649,75956.0
2020-01-04 07:00:00,0.0006423,0.0006635,0.000628,0.0006459,158155.0
2020-01-05 07:00:00,0.000644,0.0006468,0.0006188,0.0006258,43882.0
2020-01-06 07:00:00,0.0006258,0.0006277,0.000608,0.0006085,18290.0
2020-01-07 07:00:00,0.0006146,0.0006552,0.0005796,0.0005842,246207.0
2020-01-08 07:00:00,0.0005892,0.000595,0.0005368,0.0005503,258465.0
2020-01-09 07:00:00,0.0005531,0.0005617,0.0005329,0.0005491,114911.0
2020-01-10 07:00:00,0.0005509,0.0005531,0.000525,0.0005406,100222.0
2020-01-11 07:00:00,0.0005333,0.0005467,0.000521,0.00054,65856.0
2020-01-12 07:00:00,0.0005388,0.000559,0.0005362,0.0005408,151919.0
2020-01-13 07:00:00,0.0005376,0.0005617,0.000525,0.0005355,115964.0
2020-01-14 07:00:00,0.0005352,0.0005364,0.0004477,0.0004585,214002.0
2020-01-15 07:00:00,0.0004545,0.0004754,0.0004381,0.0004708,102677.0
2020-01-16 07:00:00,0.0004754,0.0004929,0.0004723,0.0004879,138857.0
2020-01-17 07:00:00,0.0004805,0.0004805,0.0004498,0.0004724,68178.0
2020-01-18 07:00:00,0.0004768,0.000477,0.0004535,0.0004708,40797.0
2020-01-19 07:00:00,0.0004637,0.0005067,0.0004525,0.0004766,84410.0
2020-01-20 07:00:00,0.0004756,0.000554,0.0004705,0.0004947,361382.0
2020-01-21 07:00:00,0.000491,0.0005367,0.0004738,0.0004838,417516.0
2020-01-22 07:00:00,0.0004793,0.0004921,0.0004779,0.000488,17329.0
2020-01-23 07:00:00,0.000488,0.0004935,0.000477,0.0004827,52986.0
2020-01-24 07:00:00,0.0004828,0.0005002,0.0004807,0.0005002,45427.0
2020-01-25 07:00:00,0.0005003,0.0005328,0.0004866,0.0004944,152265.0
2020-01-26 07:00:00,0.0004944,0.000498,0.0004855,0.0004918,15918.0
2020-01-27 07:00:00,0.0004935,0.0004935,0.0004783,0.000485,10439.0
2020-01-28 07:00:00,0.0004853,0.0004861,0.0004692,0.000477,24086.0
2020-01-29 07:00:00,0.000473,0.0004768,0.0004626,0.0004733,12171.0
2020-01-30 07:00:00,0.0004754,0.0004944,0.0004437,0.0004538,152323.0
2020-01-31 07:00:00,0.0004542,0.0004715,0.000451,0.0004687,61365.0
2020-02-01 07:00:00,0.0004699,0.0005036,0.0004663,0.0004901,314259.0
2020-02-02 07:00:00,0.0004901,0.000525,0.0004583,0.000466,290733.0
2020-02-03 07:00:00,0.0004605,0.0004744,0.0004538,0.0004744,66887.0
2020-02-04 07:00:00,0.0004711,0.0004966,0.0004637,0.0004809,161265.0
2020-02-05 07:00:00,0.0004749,0.0004783,0.0004409,0.0004449,127760.0
2020-02-06 07:00:00,0.0004478,0.0004809,0.000437,0.0004632,422263.0
2020-02-07 07:00:00,0.0004605,0.0004688,0.0004426,0.0004426,95669.0
2020-02-08 07:00:00,0.0004426,0.0004507,0.0004254,0.0004254,91372.0
2020-02-09 07:00:00,0.0004246,0.0004434,0.0004082,0.000441,121327.0
2020-02-10 07:00:00,0.0004387,0.0004545,0.0004255,0.0004475,55778.0
2020-02-11 07:00:00,0.0004476,0.0004625,0.0004252,0.0004379,189798.0
2020-02-12 07:00:00,0.0004379,0.0004379,0.0004015,0.000418,117293.0
2020-02-13 07:00:00,0.0004165,0.0004301,0.000393,0.0004218,260706.0
2020-02-14 07:00:00,0.0004234,0.0004294,0.0003963,0.0004009,243384.0
2020-02-15 07:00:00,0.0003963,0.0004128,0.0003824,0.0003959,154746.0
2020-02-16 07:00:00,0.0003994,0.000444,0.0003781,0.0003911,317924.0
2020-02-17 07:00:00,0.0003915,0.0003958,0.0003609,0.0003687,194341.0
2020-02-18 07:00:00,0.0003687,0.0003772,0.0003487,0.0003507,142677.0
2020-02-19 07:00:00,0.0003587,0.0003708,0.0003506,0.0003603,64186.0
2020-02-20 07:00:00,0.0003604,0.0003834,0.0003515,0.0003786,210240.0
2020-02-21 07:00:00,0.0003789,0.0003844,0.0003668,0.00037,84135.0
2020-02-22 07:00:00,0.0003721,0.000381,0.0003666,0.0003769,31405.0
2020-02-23 07:00:00,0.0003768,0.0003797,0.0003668,0.0003668,16185.0
2020-02-24 07:00:00,0.000367,0.0003737,0.0003495,0.0003495,168241.0
2020-02-25 07:00:00,0.0003503,0.000361,0.0003499,0.0003572,137244.0
2020-02-26 07:00:00,0.0003548,0.0003696,0.000336,0.0003487,226220.0
2020-02-27 07:00:00,0.0003501,0.0003606,0.0003428,0.0003508,299914.0
2020-02-28 07:00:00,0.0003506,0.0003649,0.0003451,0.0003491,44070.0
2020-02-29 07:00:00,0.0003459,0.000355,0.0003433,0.0003519,63765.0
2020-03-01 07:00:00,0.0003541,0.0003816,0.0003461,0.0003473,266746.0
2020-03-02 07:00:00,0.0003509,0.0003672,0.0003503,0.0003672,62692.0
2020-03-03 07:00:00,0.0003689,0.0003987,0.0003608,0.000376,179638.0
2020-03-04 07:00:00,0.0003745,0.0004294,0.0003738,0.0004246,342276.0
2020-03-05 07:00:00,0.0004233,0.0004233,0.0004094,0.0004177,27314.0
2020-03-06 07:00:00,0.0004133,0.0004133,0.00038,0.00038,27168.0
2020-03-07 07:00:00,0.0003802,0.0003826,0.0003633,0.0003766,57310.0
2020-03-08 07:00:00,0.0003768,0.0003944,0.0003734,0.000389,26127.0
2020-03-09 07:00:00,0.0003839,0.0004107,0.0003723,0.0003962,75618.0
2020-03-10 07:00:00,0.0003966,0.0004071,0.0003921,0.0004033,10984.0
2020-03-11 07:00:00,0.0004027,0.000415,0.0003955,0.0004046,20948.0
2020-03-12 07:00:00,0.0004089,0.0004089,0.0003609,0.0003691,114559.0
2020-03-13 07:00:00,0.0003745,0.0003994,0.0003348,0.0003824,292386.0
2020-03-14 07:00:00,0.0003813,0.0004294,0.0003752,0.0004127,64828.0
2020-03-15 07:00:00,0.0004187,0.0004673,0.0004187,0.0004494,99594.0
2020-03-16 07:00:00,0.0004487,0.0004605,0.0003991,0.0004171,143072.0
2020-03-17 07:00:00,0.0004201,0.0004256,0.0004088,0.0004183,72357.0
2020-03-18 07:00:00,0.0004174,0.0004174,0.000401,0.0004055,44828.0
2020-03-19 07:00:00,0.0004103,0.0004257,0.0003868,0.0003954,89307.0
2020-03-20 07:00:00,0.0003956,0.0004326,0.000394,0.0004078,166995.0
2020-03-21 07:00:00,0.0004112,0.0005624,0.0003939,0.0004555,771907.0
2020-03-22 07:00:00,0.0004591,0.0004825,0.0004178,0.0004229,284643.0
2020-03-23 07:00:00,0.0004232,0.0004303,0.0004144,0.000416,81729.0
2020-03-24 07:00:00,0.0004201,0.0004207,0.0004002,0.0004078,122023.0
2020-03-25 07:00:00,0.0004122,0.0004161,0.0003989,0.0004161,63408.0
2020-03-26 07:00:00,0.0004161,0.0004472,0.0004121,0.0004202,270416.0
2020-03-27 07:00:00,0.0004208,0.0004279,0.0004092,0.000414,36617.0
2020-03-28 07:00:00,0.000412,0.0004208,0.000403,0.000409,76249.0
2020-03-29 07:00:00,0.0004039,0.0004242,0.0004014,0.0004132,179248.0
2020-03-30 07:00:00,0.0004128,0.0004245,0.0004067,0.0004217,106018.0
2020-03-31 07:00:00,0.0004208,0.0004352,0.00042,0.0004254,130445.0
2020-04-01 07:00:00,0.0004226,0.0004238,0.0004048,0.0004048,201077.0
2020-04-02 07:00:00,0.000406,0.0004152,0.0003956,0.0004059,65832.0
2020-04-03 07:00:00,0.0003988,0.0004072,0.0003934,0.0004031,142267.0
2020-04-04 07:00:00,0.0003981,0.0004087,0.0003953,0.0003998,93263.0
2020-04-05 07:00:00,0.0003979,0.0004258,0.0003979,0.0004121,409096.0
2020-04-06 07:00:00,0.0004121,0.0004121,0.0003593,0.0003615,218611.0
2020-04-07 07:00:00,0.0003582,0.0003708,0.0003503,0.0003708,88448.0
2020-04-08 07:00:00,0.0003712,0.0003825,0.0003584,0.0003683,203358.0
2020-04-09 07:00:00,0.0003678,0.0003826,0.000361,0.0003753,418709.0
2020-04-10 07:00:00,0.000371,0.0003777,0.0003629,0.0003728,167713.0
2020-04-11 07:00:00,0.0003715,0.0003717,0.0003603,0.000367,14500.0
2020-04-12 07:00:00,0.0003717,0.0003734,0.0003653,0.0003665,21377.0
2020-04-13 07:00:00,0.0003693,0.0003804,0.0003625,0.0003697,31764.0
2020-04-14 07:00:00,0.0003737,0.0003781,0.0003663,0.0003663,7042.0
2020-04-15 07:00:00,0.0003717,0.0003734,0.0003611,0.0003695,17205.0
2020-04-16 07:00:00,0.000367,0.0003706,0.0003431,0.0003507,44958.0
2020-04-17 07:00:00,0.000353,0.0003734,0.0003488,0.0003613,47943.0
2020-04-18 07:00:00,0.000364,0.00044,0.0003413,0.0003442,1504149.0
2020-04-19 07:00:00,0.0003454,0.000352,0.000337,0.000342,338538.0
2020-04-20 07:00:00,0.0003376,0.0003449,0.0003341,0.0003445,178102.0
2020-04-21 07:00:00,0.0003393,0.0003435,0.0003348,0.0003396,22272.0
2020-04-22 07:00:00,0.0003384,0.0003689,0.000331,0.0003402,429174.0
2020-04-23 07:00:00,0.0003408,0.0003626,0.000325,0.0003582,235959.0
2020-04-24 07:00:00,0.0003581,0.00041,0.0003415,0.0003526,792818.0
2020-04-25 07:00:00,0.0003537,0.0003644,0.000344,0.0003515,175288.0
2020-04-26 07:00:00,0.0003463,0.0003499,0.0003387,0.0003442,51296.0
2020-04-27 07:00:00,0.0003474,0.0003592,0.0003417,0.0003512,151686.0
2020-04-28 07:00:00,0.0003504,0.0003504,0.0003382,0.0003476,125354.0
2020-04-29 07:00:00,0.0003438,0.000359,0.00032,0.0003356,287024.0
2020-04-30 07:00:00,0.0003307,0.0003816,0.000327,0.0003558,480522.0
2020-05-01 07:00:00,0.0003591,0.0004496,0.0003591,0.0003813,1013874.0
2020-05-02 07:00:00,0.0003797,0.0004524,0.0003756,0.0003845,355669.0
2020-05-03 07:00:00,0.0003836,0.0003912,0.0003694,0.0003756,62144.0
2020-05-04 07:00:00,0.0003755,0.0004195,0.0003755,0.0003835,209944.0
2020-05-05 07:00:00,0.000378,0.0003955,0.000374,0.0003955,316791.0
2020-05-06 07:00:00,0.0003956,0.0003973,0.000366,0.0003811,155302.0
2020-05-07 07:00:00,0.000384,0.000385,0.0003645,0.000372,181624.0
2020-05-08 07:00:00,0.000372,0.0003914,0.000366,0.0003793,78383.0
2020-05-09 07:00:00,0.0003817,0.0003972,0.0003739,0.0003907,169869.0
2020-05-10 07:00:00,0.0003878,0.0004084,0.0003716,0.0003937,157538.0
2020-05-11 07:00:00,0.0003883,0.0003907,0.0003682,0.0003849,120534.0
2020-05-12 07:00:00,0.0003827,0.0003878,0.0003749,0.0003869,45914.0
2020-05-13 07:00:00,0.0003813,0.0003878,0.000375,0.0003787,18407.0
2020-05-14 07:00:00,0.0003808,0.0004233,0.000374,0.000414,205244.0
2020-05-15 07:00:00,0.00041,0.0004173,0.0003992,0.0004043,111898.0
2020-05-16 07:00:00,0.0004055,0.0004276,0.0003995,0.0004133,74520.0
2020-05-17 07:00:00,0.0004109,0.0004139,0.0003883,0.0003925,15591.0
2020-05-18 07:00:00,0.0003925,0.0003925,0.000375,0.0003846,19496.0
2020-05-19 07:00:00,0.0003852,0.0004063,0.0003801,0.0003955,233691.0
2020-05-20 07:00:00,0.0003897,0.0003973,0.0003841,0.0003909,116563.0
2020-05-21 07:00:00,0.0003895,0.0004093,0.0003841,0.0003945,242774.0
2020-05-22 07:00:00,0.0003968,0.0004334,0.0003968,0.0004322,347418.0
2020-05-23 07:00:00,0.0004295,0.00045,0.000407,0.0004183,310686.0
2020-05-24 07:00:00,0.0004184,0.0004497,0.000406,0.0004091,93901.0
2020-05-25 07:00:00,0.000407,0.0004403,0.000406,0.0004341,181492.0
2020-05-26 07:00:00,0.0004375,0.0004772,0.0004351,0.0004689,370789.0
2020-05-27 07:00:00,0.0004723,0.0004723,0.0004225,0.000423,48183.0
2020-05-28 07:00:00,0.0004223,0.0004317,0.0004034,0.0004034,144924.0
2020-05-29 07:00:00,0.0004017,0.00043,0.0003929,0.0004115,189511.0
2020-05-30 07:00:00,0.000411,0.0004272,0.0003946,0.0003998,206127.0
2020-05-31 07:00:00,0.0003985,0.0004128,0.0003868,0.0003969,96309.0
2020-06-01 07:00:00,0.0003964,0.0004054,0.0003769,0.0003846,342812.0
2020-06-02 07:00:00,0.0003843,0.0004035,0.0003793,0.0003938,227147.0
2020-06-03 07:00:00,0.0003964,0.0004135,0.0003928,0.0004041,364449.0
2020-06-04 07:00:00,0.0004043,0.00041,0.0003941,0.0004007,195596.0
2020-06-05 07:00:00,0.0004023,0.0004178,0.0003956,0.0004052,198646.0
2020-06-06 07:00:00,0.0004023,0.0004184,0.0003989,0.0004043,55385.0
2020-06-07 07:00:00,0.0004041,0.0004081,0.0003956,0.0003965,139349.0
2020-06-08 07:00:00,0.0003982,0.0004049,0.0003903,0.0003933,218183.0
2020-06-09 07:00:00,0.0003933,0.000425,0.000385,0.0004092,293930.0
2020-06-10 07:00:00,0.0004113,0.0004748,0.0004021,0.000432,1649501.0
2020-06-11 07:00:00,0.000432,0.0004498,0.0004027,0.0004063,669102.0
2020-06-12 07:00:00,0.0004052,0.0004449,0.000398,0.0004141,367230.0
2020-06-13 07:00:00,0.0004145,0.0004371,0.000411,0.0004313,410657.0
2020-06-14 07:00:00,0.0004313,0.000457,0.0004231,0.0004342,530691.0
2020-06-15 07:00:00,0.0004349,0.0004889,0.0004141,0.0004662,895007.0
2020-06-16 07:00:00,0.0004629,0.0004667,0.0004431,0.0004551,91274.0
2020-06-17 07:00:00,0.0004551,0.000466,0.0004475,0.0004645,132002.0
2020-06-18 07:00:00,0.0004657,0.0005317,0.0004617,0.0004799,696670.0
2020-06-19 07:00:00,0.0004785,0.0005448,0.0004785,0.0005045,1265382.0
2020-06-20 07:00:00,0.0005046,0.0005373,0.0004978,0.0005276,352903.0
2020-06-21 07:00:00,0.0005247,0.0005277,0.0004921,0.0005007,193288.0
2020-06-22 07:00:00,0.0005004,0.0005026,0.0004617,0.000469,189127.0
2020-06-23 07:00:00,0.000469,0.0004691,0.0004542,0.0004591,312501.0
2020-06-24 07:00:00,0.0004573,0.0004589,0.0004393,0.0004496,250538.0
2020-06-25 07:00:00,0.0004503,0.0004535,0.0004277,0.0004351,174534.0
2020-06-26 07:00:00,0.0004342,0.0004566,0.0004342,0.0004408,349475.0
2020-06-27 07:00:00,0.0004404,0.0004435,0.0004234,0.0004266,343240.0
2020-06-28 07:00:00,0.0004243,0.0004353,0.0004124,0.0004298,246955.0
2020-06-29 07:00:00,0.0004294,0.0004715,0.0004247,0.0004432,1730591.0
2020-06-30 07:00:00,0.0004398,0.0004434,0.0004234,0.0004307,264900.0
2020-07-01 07:00:00,0.0004308,0.000458,0.0004247,0.0004338,352545.0
2020-07-02 07:00:00,0.00043,0.0004611,0.00043,0.0004419,261542.0
2020-07-03 07:00:00,0.000439,0.0004541,0.0004318,0.0004468,273864.0
2020-07-04 07:00:00,0.0004465,0.0004638,0.0004426,0.0004474,211714.0
2020-07-05 07:00:00,0.0004457,0.0004474,0.0004228,0.0004275,269907.0
2020-07-06 07:00:00,0.000428,0.0004357,0.0004194,0.0004237,367824.0
2020-07-07 07:00:00,0.0004229,0.0005427,0.0004174,0.0004349,2677896.0
2020-07-08 07:00:00,0.0004349,0.0004472,0.000416,0.0004293,727078.0
2020-07-09 07:00:00,0.0004293,0.0004303,0.0004151,0.0004209,474263.0
2020-07-10 07:00:00,0.0004205,0.0004296,0.0004174,0.0004273,214749.0
2020-07-11 07:00:00,0.0004268,0.0004404,0.0004222,0.0004403,288630.0
2020-07-12 07:00:00,0.0004401,0.000442,0.0004311,0.0004311,175701.0
2020-07-13 07:00:00,0.0004311,0.0004382,0.0004275,0.0004303,205696.0
2020-07-14 07:00:00,0.0004336,0.0004356,0.0004287,0.0004339,31255.0
2020-07-15 07:00:00,0.0004322,0.0004369,0.0004282,0.0004297,102387.0
2020-07-16 07:00:00,0.0004296,0.0004461,0.0004216,0.0004368,382059.0
2020-07-17 07:00:00,0.0004368,0.0004402,0.0004313,0.0004384,76258.0
2020-07-18 07:00:00,0.0004369,0.0004455,0.0004292,0.0004419,210311.0
2020-07-19 07:00:00,0.0004421,0.0004486,0.0004376,0.0004452,158022.0
2020-07-20 07:00:00,0.0004457,0.0004775,0.0004374,0.000459,390905.0
2020-07-21 07:00:00,0.0004602,0.0004794,0.0004456,0.0004516,247184.0
2020-07-22 07:00:00,0.0004481,0.000466,0.000429,0.0004354,248106.0
2020-07-23 07:00:00,0.0004351,0.00046,0.0004082,0.000424,540217.0
2020-07-24 07:00:00,0.0004218,0.0004303,0.0003899,0.0004008,360490.0
2020-07-25 07:00:00,0.0003985,0.0004295,0.0003859,0.0003944,748018.0
2020-07-26 07:00:00,0.0003947,0.0004069,0.0003467,0.0003688,866357.0
2020-07-27 07:00:00,0.0003681,0.0004096,0.0003008,0.0003353,2968056.0
2020-07-28 07:00:00,0.0003356,0.0006258,0.0003279,0.0005076,4472242.0
2020-07-29 07:00:00,0.0005128,0.0011748,0.0004632,0.0009277,10203217.0
2020-07-30 07:00:00,0.0009272,0.00098,0.0006121,0.000677,2606175.0
2020-07-31 07:00:00,0.000677,0.000843,0.000583,0.0006027,2749548.0
2020-08-01 07:00:00,0.000601,0.0007676,0.0005307,0.0005701,1810291.0
2020-08-02 07:00:00,0.0005625,0.000589,0.0004912,0.0005736,1734136.0
2020-08-03 07:00:00,0.0005735,0.0005795,0.0004979,0.0005324,1139031.0
2020-08-04 07:00:00,0.000532,0.0006664,0.0005209,0.0006084,1903525.0
2020-08-05 07:00:00,0.0006088,0.00061,0.0005376,0.0005615,655216.0
2020-08-06 07:00:00,0.0005565,0.0006575,0.000501,0.0005633,564957.0
2020-08-07 07:00:00,0.0005629,0.0006175,0.0005474,0.0005801,466472.0
2020-08-08 07:00:00,0.0005864,0.0006249,0.0005751,0.0006004,526224.0
2020-08-09 07:00:00,0.0005987,0.0006058,0.0005713,0.0005935,295935.0
2020-08-10 07:00:00,0.0005934,0.00065,0.0005339,0.0005951,853281.0
2020-08-11 07:00:00,0.0005999,0.000664,0.0005594,0.0005749,614044.0
2020-08-12 07:00:00,0.0005788,0.0006542,0.0005524,0.0005978,968713.0
2020-08-13 07:00:00,0.0006003,0.0006034,0.0005089,0.0005204,523465.0
2020-08-14 07:00:00,0.000521,0.000561,0.0004793,0.0004956,524403.0
2020-08-15 07:00:00,0.0004919,0.000499,0.0004614,0.0004684,257714.0
2020-08-16 07:00:00,0.0004675,0.000483,0.0004616,0.0004812,210062.0
2020-08-17 07:00:00,0.0004805,0.0004964,0.0004566,0.0004671,314338.0
2020-08-18 07:00:00,0.0004699,0.0004733,0.0004467,0.0004499,340877.0
2020-08-19 07:00:00,0.000451,0.0004597,0.0004329,0.0004567,498772.0
2020-08-20 07:00:00,0.0004579,0.0005273,0.0004476,0.0004774,543905.0
2020-08-21 07:00:00,0.000476,0.0005334,0.0004661,0.0004927,298089.0
2020-08-22 07:00:00,0.0004905,0.000502,0.0004739,0.0004909,156701.0
2020-08-23 07:00:00,0.0004924,0.0005025,0.0004818,0.0004943,143845.0
2020-08-24 07:00:00,0.0004943,0.0005223,0.0004859,0.0005049,225275.0
2020-08-25 07:00:00,0.0005003,0.0005017,0.0004843,0.000489,130117.0
2020-08-26 07:00:00,0.0004924,0.0005015,0.0004791,0.0005011,515977.0
2020-08-27 07:00:00,0.0005008,0.0005074,0.0004529,0.0004663,286900.0
2020-08-28 07:00:00,0.0004641,0.0004884,0.0004606,0.0004777,113322.0
2020-08-29 07:00:00,0.0004795,0.0005058,0.0004739,0.0004838,254918.0
2020-08-30 07:00:00,0.0004816,0.0004875,0.0004692,0.000473,312018.0
2020-08-31 07:00:00,0.0004797,0.0005159,0.0004605,0.0004948,576049.0
2020-09-01 07:00:00,0.0004935,0.0005083,0.0004286,0.0004445,865936.0
2020-09-02 07:00:00,0.0004395,0.0004506,0.000396,0.0004363,780590.0
2020-09-03 07:00:00,0.0004325,0.0004364,0.0003868,0.0004042,568477.0
2020-09-04 07:00:00,0.0004045,0.0004094,0.0003837,0.000402,616861.0
2020-09-05 07:00:00,0.0004006,0.0004356,0.0003944,0.0004173,702350.0
2020-09-06 07:00:00,0.0004201,0.0004256,0.0003975,0.0004139,265359.0
2020-09-07 07:00:00,0.000415,0.0004216,0.0003758,0.0003929,331641.0
2020-09-08 07:00:00,0.000388,0.0004163,0.0003834,0.0004101,499039.0
2020-09-09 07:00:00,0.0004101,0.0004464,0.0004042,0.0004261,431287.0
2020-09-10 07:00:00,0.0004249,0.0004708,0.0004015,0.0004507,449829.0
2020-09-11 07:00:00,0.0004508,0.000942,0.0004427,0.0005139,4033650.0
2020-09-12 07:00:00,0.0005166,0.0005178,0.0004598,0.0004698,936840.0
2020-09-13 07:00:00,0.0004685,0.0005002,0.0004439,0.00047,691946.0
2020-09-14 07:00:00,0.0004666,0.0004705,0.0004305,0.0004366,584252.0
2020-09-15 07:00:00,0.0004365,0.0004483,0.0004148,0.0004247,963643.0
2020-09-16 07:00:00,0.0004247,0.0004274,0.0003991,0.0004201,692992.0
2020-09-17 07:00:00,0.0004156,0.0004192,0.0003936,0.0004064,707572.0
2020-09-18 07:00:00,0.0004054,0.0004214,0.000397,0.0004169,84625.0
2020-09-19 07:00:00,0.0004158,0.0004542,0.000402,0.0004315,587531.0
2020-09-20 07:00:00,0.0004318,0.0006276,0.0004267,0.0005041,2528125.0
2020-09-21 07:00:00,0.0005052,0.00058,0.0004649,0.0004699,1332381.0
2020-09-22 07:00:00,0.0004714,0.0004714,0.0004278,0.0004448,1770789.0
2020-09-23 07:00:00,0.0004438,0.0004505,0.000426,0.0004428,1173072.0
2020-09-24 07:00:00,0.0004422,0.0004578,0.0004261,0.0004475,1139453.0
2020-09-25 07:00:00,0.0004481,0.0004624,0.0004365,0.0004584,976238.0
2020-09-26 07:00:00,0.0004592,0.0006209,0.0004562,0.0005399,1434960.0
2020-09-27 07:00:00,0.0005442,0.0006198,0.0005442,0.0005596,825452.0
2020-09-28 07:00:00,0.000562,0.0005669,0.0005073,0.0005349,4914373.0
2020-09-29 07:00:00,0.0005349,0.0005565,0.0005155,0.0005359,300452.0
2020-09-30 07:00:00,0.0005359,0.0005877,0.0005333,0.0005431,331935.0
2020-10-01 07:00:00,0.0005448,0.0005571,0.0005247,0.0005309,199840.0
2020-10-02 07:00:00,0.000531,0.0005365,0.0005142,0.0005241,232069.0
2020-10-03 07:00:00,0.0005241,0.0005362,0.0005197,0.0005362,169687.0
2020-10-04 07:00:00,0.0005362,0.0005982,0.0005347,0.0005744,499198.0
2020-10-05 07:00:00,0.0005744,0.000625,0.0005448,0.0005655,354924.0
2020-10-06 07:00:00,0.0005667,0.0005667,0.0005172,0.0005222,263837.0
2020-10-07 07:00:00,0.00052,0.0005324,0.0005061,0.0005262,201915.0
2020-10-08 07:00:00,0.000526,0.0005459,0.0005151,0.0005289,321630.0
2020-10-09 07:00:00,0.0005292,0.000536,0.0005109,0.0005241,268513.0
2020-10-10 07:00:00,0.0005248,0.0005632,0.0005219,0.0005622,583726.0
2020-10-11 07:00:00,0.0005624,0.0005625,0.0005237,0.0005393,259903.0
2020-10-12 07:00:00,0.0005393,0.00054,0.000503,0.0005054,267291.0
2020-10-13 07:00:00,0.0005067,0.000511,0.0005,0.0005074,134375.0
2020-10-14 07:00:00,0.0005076,0.0005079,0.0004891,0.0004953,114651.0
2020-10-15 07:00:00,0.0004914,0.0005045,0.0004912,0.0004948,133046.0
2020-10-16 07:00:00,0.0004959,0.0005555,0.0004801,0.0005226,717243.0
2020-10-17 07:00:00,0.0005227,0.0005505,0.0005178,0.0005505,565324.0
2020-10-18 07:00:00,0.0005486,0.0005528,0.000516,0.000541,775827.0
2020-10-19 07:00:00,0.0005412,0.000571,0.000525,0.0005659,794026.0
2020-10-20 07:00:00,0.0005641,0.00059,0.0005423,0.0005873,480291.0
2020-10-21 07:00:00,0.0005878,0.00059,0.0005413,0.0005448,569750.0
2020-10-22 07:00:00,0.0005448,0.0005544,0.0005295,0.0005476,549898.0
2020-10-23 07:00:00,0.0005468,0.0006212,0.0005445,0.0005986,709768.0
2020-10-24 07:00:00,0.0006014,0.0006301,0.0005739,0.0006239,596421.0
2020-10-25 07:00:00,0.0006245,0.0006245,0.0005734,0.0005899,313836.0
2020-10-26 07:00:00,0.0005937,0.0008249,0.000583,0.0006257,2450850.0
2020-10-27 07:00:00,0.0006232,0.0006242,0.0005428,0.0005589,789053.0
2020-10-28 07:00:00,0.0005559,0.0005633,0.0005238,0.0005486,772024.0
2020-10-29 07:00:00,0.0005492,0.0006091,0.0005368,0.000559,722993.0
2020-10-30 07:00:00,0.0005571,0.000559,0.0005034,0.0005386,801219.0
2020-10-31 07:00:00,0.0005392,0.0005628,0.0005368,0.0005622,474578.0
2020-11-01 07:00:00,0.0005616,0.0005763,0.000554,0.0005701,253938.0
2020-11-02 07:00:00,0.0005682,0.0005781,0.0005558,0.0005598,337186.0
2020-11-03 07:00:00,0.0005587,0.0005744,0.0005363,0.0005725,497011.0
2020-11-04 07:00:00,0.0005709,0.0006005,0.0005628,0.0005764,257314.0
2020-11-05 07:00:00,0.0005731,0.000595,0.00055,0.0005705,202749.0
2020-11-06 07:00:00,0.0005667,0.0005705,0.00055,0.0005559,202224.0
2020-11-07 07:00:00,0.0005569,0.00065,0.00055,0.0005595,659301.0
2020-11-08 07:00:00,0.0005573,0.0006184,0.0005573,0.0005999,329543.0
2020-11-09 07:00:00,0.0005993,0.0005999,0.0005736,0.0005961,135231.0
2020-11-10 07:00:00,0.0005979,0.00063,0.0005883,0.0006065,752034.0
2020-11-11 07:00:00,0.0006064,0.0006363,0.0005909,0.0006268,492838.0
2020-11-12 07:00:00,0.0006226,0.0006318,0.0005664,0.0005822,203592.0
2020-11-13 07:00:00,0.0005827,0.0005898,0.0005736,0.0005773,177282.0
2020-11-14 07:00:00,0.000577,0.0005926,0.0005765,0.0005923,167609.0
2020-11-15 07:00:00,0.0005923,0.0006102,0.0005842,0.000587,218096.0
2020-11-16 07:00:00,0.0005855,0.0005855,0.0005696,0.0005739,144702.0
2020-11-17 07:00:00,0.0005744,0.000605,0.0005565,0.0005707,332364.0
2020-11-18 07:00:00,0.0005712,0.0005742,0.0005472,0.0005534,425333.0
2020-11-19 07:00:00,0.000553,0.000581,0.000553,0.00058,402765.0
2020-11-20 07:00:00,0.0005794,0.0005815,0.0005504,0.0005747,357463.0
2020-11-21 07:00:00,0.0005747,0.000581,0.0005244,0.000527,328205.0
2020-11-22 07:00:00,0.000527,0.000635,0.00052,0.0005736,594884.0
2020-11-23 07:00:00,0.00057,0.0005723,0.0005223,0.0005223,407879.0
2020-11-24 07:00:00,0.0005218,0.0005308,0.0005009,0.0005227,453439.0
2020-11-25 07:00:00,0.0005226,0.0005656,0.0005094,0.0005532,370404.0
2020-11-26 07:00:00,0.0005574,0.0005644,0.000507,0.0005181,377045.0
2020-11-27 07:00:00,0.0005185,0.0005254,0.0005074,0.0005204,158431.0
2020-11-28 07:00:00,0.0005204,0.0005276,0.0005133,0.0005256,259501.0
2020-11-29 07:00:00,0.0005276,0.0005291,0.0004714,0.0004882,211286.0
2020-11-30 07:00:00,0.0004836,0.0004867,0.000468,0.0004743,165622.0
2020-12-01 07:00:00,0.0004711,0.0004989,0.0004583,0.0004989,317161.0
2020-12-02 07:00:00,0.0004987,0.0005537,0.0004943,0.0005184,574018.0
2020-12-03 07:00:00,0.0005184,0.0005222,0.0004908,0.0004996,260613.0
2020-12-04 07:00:00,0.0005012,0.000504,0.0004808,0.0004839,304821.0
2020-12-05 07:00:00,0.0004848,0.0004875,0.0004775,0.0004809,165880.0
2020-12-06 07:00:00,0.0004843,0.0004997,0.0004832,0.0004967,314210.0
2020-12-07 07:00:00,0.0004954,0.0005079,0.0004842,0.000507,259258.0
2020-12-08 07:00:00,0.0005078,0.0005347,0.0004916,0.0005014,234795.0
2020-12-09 07:00:00,0.0004973,0.0004986,0.0004739,0.0004861,277458.0
2020-12-10 07:00:00,0.0004828,0.0004853,0.0004701,0.0004717,175803.0
2020-12-11 07:00:00,0.0004722,0.0004785,0.0004562,0.0004562,186796.0
2020-12-12 07:00:00,0.0004562,0.0004688,0.0004515,0.0004602,256819.0
2020-12-13 07:00:00,0.0004603,0.0004679,0.0004463,0.0004485,277819.0
2020-12-14 07:00:00,0.0004507,0.0004553,0.0004469,0.0004508,170711.0
2020-12-15 07:00:00,0.0004508,0.0004509,0.0004345,0.0004349,115635.0
2020-12-16 07:00:00,0.0004348,0.0004364,0.0004053,0.000415,504142.0
2020-12-17 07:00:00,0.0004151,0.0004184,0.000393,0.0004113,800209.0
2020-12-18 07:00:00,0.0004114,0.0004225,0.0003987,0.0004162,321122.0
2020-12-19 07:00:00,0.0004176,0.0008065,0.0004176,0.0004981,7025371.0
2020-12-20 07:00:00,0.000495,0.000495,0.0004354,0.000451,592002.0
2020-12-21 07:00:00,0.0004505,0.0004835,0.0004385,0.0004763,438055.0
2020-12-22 07:00:00,0.000469,0.0004852,0.0004439,0.0004452,439154.0
2020-12-23 07:00:00,0.0004443,0.000457,0.000432,0.0004437,464756.0
2020-12-24 07:00:00,0.0004438,0.0004566,0.0004385,0.0004503,477211.0
2020-12-25 07:00:00,0.0004443,0.0004687,0.0004443,0.0004524,302923.0
2020-12-26 07:00:00,0.0004524,0.0004643,0.0004442,0.0004576,262389.0
2020-12-27 07:00:00,0.0004573,0.0005069,0.00043,0.0004551,587323.0
2020-12-28 07:00:00,0.0004542,0.0004556,0.0004114,0.0004274,424407.0
2020-12-29 07:00:00,0.0004272,0.0004356,0.0004125,0.000419,162798.0
2020-12-30 07:00:00,0.0004181,0.000435,0.0004167,0.0004279,190967.0
2020-12-31 07:00:00,0.0004289,0.0005071,0.0004282,0.000496,381935.0
2021-01-01 07:00:00,0.0004959,0.000497,0.0004626,0.000493,258377.0
2021-01-02 07:00:00,0.000493,0.000493,0.0004356,0.0004482,472653.0
2021-01-03 07:00:00,0.0004522,0.0005062,0.0003496,0.0003623,1040129.0
2021-01-04 07:00:00,0.0003617,0.0003825,0.0003151,0.0003306,830112.0
2021-01-05 07:00:00,0.000336,0.0003514,0.00031,0.0003374,708439.0
2021-01-06 07:00:00,0.0003363,0.0003462,0.0003146,0.0003171,277908.0
2021-01-07 07:00:00,0.0003166,0.0003318,0.0003119,0.0003255,273188.0
2021-01-08 07:00:00,0.0003258,0.0003518,0.0003073,0.0003087,642973.0
2021-01-09 07:00:00,0.0003116,0.0003257,0.0003,0.0003093,482062.0
2021-01-10 07:00:00,0.0003107,0.0003217,0.0002814,0.0002948,655299.0
2021-01-11 07:00:00,0.0002897,0.0003373,0.0002864,0.0003114,1574344.0
2021-01-12 07:00:00,0.0003155,0.0003362,0.0003023,0.0003346,712777.0
2021-01-13 07:00:00,0.0003368,0.0003456,0.0003302,0.0003353,172198.0
2021-01-14 07:00:00,0.0003358,0.000392,0.0003201,0.0003207,451716.0
2021-01-15 07:00:00,0.0003201,0.0003401,0.000311,0.0003335,498468.0
2021-01-16 07:00:00,0.0003349,0.00036,0.0003026,0.0003256,522313.0
2021-01-17 07:00:00,0.0003254,0.0003315,0.0003134,0.0003315,352194.0
2021-01-18 07:00:00,0.000331,0.0003333,0.0003202,0.0003278,119255.0
2021-01-19 07:00:00,0.0003258,0.0003288,0.0002879,0.0003059,370183.0
2021-01-20 07:00:00,0.0003052,0.00032,0.000296,0.0003106,239872.0
2021-01-21 07:00:00,0.0003103,0.0003365,0.0003039,0.000335,250875.0
2021-01-22 07:00:00,0.000335,0.00034,0.0003085,0.0003185,398778.0
2021-01-23 07:00:00,0.0003165,0.0003342,0.0003084,0.000332,799657.0
2021-01-24 07:00:00,0.0003288,0.0003606,0.0003175,0.0003188,451446.0
2021-01-25 07:00:00,0.0003185,0.0003299,0.000295,0.0003284,383572.0
2021-01-26 07:00:00,0.0003295,0.0003295,0.0003131,0.0003238,246758.0
